INSERT INTO koodisto (id,koodistouri,version,organisaatioOid)
VALUES
    ('-1', 'sisaltyysuhde2kanssa', '0', '1.2.2004.6'),
    ('-2', 'sisaltaasuhde1kanssa', '0', '1.2.2004.6'),
    ('-3', 'rinnasteinensuhde1kanssa', '0', '1.2.2004.6'),
    ('-4', 'sisaltyysuhde1kanssa', '0', '1.2.2004.6'),
    ('-5', 'sisaltaasuhde6ja7ja8kanssa', '0', '1.2.2004.6'),
    ('-6', 'sisaltyysuhde5kanssa1', '0', '1.2.2004.6'),
    ('-7', 'sisaltyysuhde5kanssa2', '0', '1.2.2004.6'),
    ('-8', 'sisaltyysuhde5kanssa3', '0', '1.2.2004.6'),
    ('-9', 'lisaarinnasteinen1', '0', '1.2.2004.6'),
    ('-10', 'lisaarinnasteinen2', '0', '1.2.2004.6'),
    ('-11', 'lisaasisaltyy1', '0', '1.2.2004.6'),
    ('-12', 'lisaasisaltyy2', '0', '1.2.2004.6'),
    ('-13', 'lisaasisaltyy3', '0', '1.2.2004.6'),
    ('-14', 'inserttestkoodisto', '0', '1.2.2004.6'),
    ('-15', 'updatetestkoodisto', '0', '1.2.2004.6'),
    ('-16', 'savetestkoodisto', '0', '1.2.2004.6'),
    ('-17', 'savetestkoodistosisaltaa', '0', '1.2.2004.6'),
    ('-18', 'savetestkoodistorinnastuu', '0', '1.2.2004.6'),
    ('-19', 'savetestkoodistosisaltyy', '0', '1.2.2004.6'),
    ('-20', 'viimeisinversioonluonnos', '0', '1.2.2004.6'),
    ('-21', 'kerranpoistetturelaatioluodaanuudelleen1', '0', '1.2.2004.6'),
    ('-22', 'kerranpoistetturelaatioluodaanuudelleen2', '0', '1.2.2004.6'),
    ('-23', 'koodistonsisaisetrelaatiot', '0', '1.2.2004.6');

INSERT INTO koodi (id,koodisto_id,version,koodiuri)
VALUES
    ('-1', '-1', '0', 'sisaltyysuhde4kanssa1'),
    ('-2', '-1', '0', 'sisaltyysuhde4kanssa2'),
    ('-3', '-1', '0', 'sisaltyysuhde4kanssa3'),
    ('-4', '-2', '0', 'sisaltaakoodisto1koodit'),
    ('-5', '-3', '0', 'rinnastuu4kanssa1'),
    ('-6', '-3', '0', 'rinnastuu4kanssa2'),
    ('-7', '-3', '0', 'rinnastuu4kanssa3'),
    ('-8', '-4', '0', 'sisaltyykoodisto1koodienkanssa'),
    ('-9', '-5', '0', 'sisaltaakoodisto6ja7ja8koodit'),
    ('-10', '-6', '0', 'sisaltyysuhde9kanssa1'),
    ('-11', '-7', '0', 'sisaltyysuhde9kanssa2'),
    ('-12', '-8', '0', 'sisaltyysuhde9kanssa3'),
    ('-13', '-8', '0', 'sisaltyysuhde9kanssa4'),
    ('-14', '-9', '0', 'lisaarinnasteinen14'),
    ('-15', '-10', '0', 'lisaarinnasteinen14kanssa1'),
    ('-16', '-10', '0', 'lisaarinnasteinen14kanssa2'),
    ('-17', '-10', '0', 'lisaarinnasteinen14kanssa3'),
    ('-18', '-11', '0', 'lisaasisaltyy18'),
    ('-19', '-12', '0', 'lisaasisaltyy18kanssa1'),
    ('-20', '-12', '0', 'lisaasisaltyy18kanssa2'),
    ('-21', '-13', '0', 'lisaasisaltyy18kanssa3'),
    ('-22', '-13', '0', 'lisaasisaltyy18kanssa4'),
    ('-23', '-13', '0', 'montaversiota'),
    ('-24', '-13', '0', 'tuhottavatestikoodi'),
    ('-25', '-15', '0', 'paivitettavatestikoodi'),
    ('-26', '-16', '0', 'savekoodineljallasuhteella'),
    ('-27', '-17', '0', 'savekoodinsuhde1'),
    ('-28', '-18', '0', 'savekoodinsuhde2'),
    ('-29', '-18', '0', 'savekoodinsuhde3'),
    ('-30', '-19', '0', 'savekoodinsuhde4'),
    ('-31', '-17', '0', 'uusisavekoodinsuhde1'),
    ('-32', '-18', '0', 'uusisavekoodinsuhde2'),
    ('-33', '-19', '0', 'uusisavekoodinsuhde3'),
    ('-34', '-20', '0', 'viimeinenonluonnos'),
    ('-35', '-13', '0', 'poistettu'),
    ('-36', '-21', '0', 'uusirelaatiovanhantilalle1'),
    ('-37', '-22', '0', 'uusirelaatiovanhantilalle2'),
    ('-38', '-23', '0', 'savekoodisuhteillaomaankoodistoon'),
    ('-39', '-23', '0', 'samankoodistonsisalla1'),
    ('-40', '-23', '0', 'samankoodistonsisalla2'),
    ('-41', '-23', '0', 'uusisamankoodistonsisalla1'),
    ('-42', '-23', '0', 'uusisamankoodistonsisalla2');


INSERT INTO koodiversio (id,version,paivityspvm,luotu,tila,versio,voimassaalkupvm,koodi_id,koodiarvo)
VALUES
    ('-1', '0', '2012-03-22', '2013-01-01', 'HYVAKSYTTY', '1', '1990-01-01', '-1', 'ss4k1'),
    ('-2', '0', '2012-03-22', '2013-01-01', 'HYVAKSYTTY', '1', '1990-01-01', '-2', 'ss4k2'),
    ('-3', '0', '2012-03-22', '2013-01-01', 'HYVAKSYTTY', '1', '1990-01-01', '-3', 'ss4k3'),
    ('-4', '0', '2012-03-22', '2013-01-01', 'HYVAKSYTTY', '1', '1990-01-01', '-4', 'skk'),
    ('-5', '0', '2012-03-22', '2013-01-01', 'HYVAKSYTTY', '1', '1990-01-01', '-5', 'r4k1'),
    ('-6', '0', '2012-03-22', '2013-01-01', 'HYVAKSYTTY', '1', '1990-01-01', '-6', 'r4k2'),
    ('-7', '0', '2012-03-22', '2013-01-01', 'HYVAKSYTTY', '1', '1990-01-01', '-7', 'r4k3'),
    ('-8', '0', '2012-03-22', '2013-01-01', 'HYVAKSYTTY', '1', '1990-01-01', '-8', 'sk1kk'),
    ('-9', '0', '2012-03-22', '2013-01-01', 'HYVAKSYTTY', '1', '1990-01-01', '-9', 'sk678k'),
    ('-10', '0', '2012-03-22', '2013-01-01', 'HYVAKSYTTY', '1', '1990-01-01', '-10', 'ss9k1'),
    ('-11', '0', '2012-03-22', '2013-01-01', 'HYVAKSYTTY', '1', '1990-01-01', '-11', 'ss9k2'),
    ('-12', '0', '2012-03-22', '2013-01-01', 'HYVAKSYTTY', '1', '1990-01-01', '-12', 'ss9k3'),
    ('-13', '0', '2012-03-22', '2013-01-01', 'HYVAKSYTTY', '1', '1990-01-01', '-13', 'ss9k4'),
    ('-14', '0', '2012-03-22', '2013-01-01', 'HYVAKSYTTY', '1', '1990-01-01', '-14', 'lr14'),
    ('-15', '0', '2012-03-22', '2013-01-01', 'HYVAKSYTTY', '1', '1990-01-01', '-15', 'lr14k1'),
    ('-16', '0', '2012-03-22', '2013-01-01', 'HYVAKSYTTY', '1', '1990-01-01', '-16', 'lr14k2'),
    ('-17', '0', '2012-03-22', '2013-01-01', 'HYVAKSYTTY', '1', '1990-01-01', '-17', 'lr14k3'),
    ('-18', '0', '2012-03-22', '2013-01-01', 'HYVAKSYTTY', '1', '1990-01-01', '-18', 'ls18'),
    ('-19', '0', '2012-03-22', '2013-01-01', 'HYVAKSYTTY', '1', '1990-01-01', '-19', 'ls18k1'),
    ('-20', '0', '2012-03-22', '2013-01-01', 'HYVAKSYTTY', '1', '1990-01-01', '-20', 'ls18k2'),
    ('-21', '0', '2012-03-22', '2013-01-01', 'HYVAKSYTTY', '1', '1990-01-01', '-21', 'ls18k3'),
    ('-22', '0', '2012-03-22', '2013-01-01', 'HYVAKSYTTY', '1', '1990-01-01', '-22', 'ls18k4'),
    ('-23', '0', '2012-03-22', '2013-01-01', 'HYVAKSYTTY', '1', '1990-01-01', '-23', 'mv1'),
    ('-24', '0', '2012-04-22', '2013-02-01', 'HYVAKSYTTY', '2', '1990-01-01', '-23', 'mv2'),
    ('-25', '0', '2012-05-22', '2013-04-03', 'HYVAKSYTTY', '3', '1990-01-01', '-23', 'mv3'),
    ('-26', '0', '2012-03-22', '2013-01-01', 'PASSIIVINEN', '1', '1990-01-01', '-24', 'delme'),
    ('-27', '0', '2012-03-22', '2013-01-01', 'HYVAKSYTTY', '1', '1990-01-01', '-25', 'tobeupdated'),
    ('-28', '0', '2012-03-22', '2013-01-01', 'HYVAKSYTTY', '1', '1990-01-01', '-26', 'tobesaved1'),
    ('-29', '0', '2012-03-22', '2013-01-01', 'HYVAKSYTTY', '1', '1990-01-01', '-27', 'tobesaved2'),
    ('-30', '0', '2012-03-22', '2013-01-01', 'HYVAKSYTTY', '1', '1990-01-01', '-28', 'tobesaved3'),
    ('-31', '0', '2012-03-22', '2013-01-01', 'HYVAKSYTTY', '1', '1990-01-01', '-29', 'tobesaved4'),
    ('-32', '0', '2012-03-22', '2013-01-01', 'HYVAKSYTTY', '1', '1990-01-01', '-30', 'tobesaved5'),
    ('-33', '0', '2012-03-22', '2013-01-01', 'HYVAKSYTTY', '1', '1990-01-01', '-31', 'tobesaved6'),
    ('-34', '0', '2012-03-22', '2013-01-01', 'HYVAKSYTTY', '1', '1990-01-01', '-32', 'tobesaved7'),
    ('-35', '0', '2012-03-22', '2013-01-01', 'HYVAKSYTTY', '1', '1990-01-01', '-33', 'tobesaved8'),
    ('-36', '0', '2013-01-01', '2013-01-01', 'HYVAKSYTTY', '1', '1990-01-01', '-34', 'viimeinenonluonnos'),
    ('-37', '0', '2013-04-20', '2013-02-02', 'HYVAKSYTTY', '2', '1990-01-01', '-34', 'viimeinenonluonnos'),
    ('-38', '0', '2013-06-15', '2013-05-11', 'LUONNOS', '3', '1990-01-01', '-34', 'viimeinenonluonnos'),
    ('-39', '0', '2013-06-15', '2013-05-11', 'HYVAKSYTTY', '1', '1990-01-01', '-35', 'poistettu'),
    ('-40', '0', '2012-03-22', '2013-01-01', 'HYVAKSYTTY', '1', '1990-01-01', '-36', 'relaatiovanhaan1'),
    ('-41', '0', '2012-03-22', '2013-01-01', 'HYVAKSYTTY', '1', '1990-01-01', '-37', 'relaatiovanhaan2'),
    ('-42', '0', '2012-03-22', '2013-01-01', 'HYVAKSYTTY', '2', '1990-01-01', '-37', 'eienaarelaatiotavanhaan'),
    ('-43', '0', '2012-03-22', '2013-01-01', 'HYVAKSYTTY', '1', '1990-01-01', '-38', 'samecodes1'),
    ('-44', '0', '2012-03-22', '2013-01-01', 'HYVAKSYTTY', '1', '1990-01-01', '-39', 'samecodes2'),
    ('-45', '0', '2012-03-22', '2013-01-01', 'HYVAKSYTTY', '1', '1990-01-01', '-40', 'samecodes3'),
    ('-46', '0', '2012-03-22', '2013-01-01', 'HYVAKSYTTY', '1', '1990-01-01', '-41', 'samecodes4'),
    ('-47', '0', '2012-03-22', '2013-01-01', 'HYVAKSYTTY', '1', '1990-01-01', '-42', 'samecodes5');

INSERT INTO koodimetadata (id,kieli,nimi,version,koodiversio_id,lyhytnimi,kuvaus)
VALUES
    ('-1', 'FI', 'Alajärvi', '0', '-1', 'Alajärvi', 'Alajärvi'),
    ('-2', 'FI', 'Olajärvi', '0', '-2', 'Olajärvi', 'Olajärvi'),
    ('-3', 'FI', 'Iijärvi', '0', '-3', 'Iijärvi', 'Iijärvi'),
    ('-4', 'FI', 'Joki', '0', '-4', 'Joki', 'Joki'),
    ('-5', 'FI', 'Alapuro', '0', '-5', 'Puro', 'Alapuro'),
    ('-6', 'FI', 'Kivipuro', '0', '-6', 'Puro', 'Kivipuro'),
    ('-7', 'FI', 'Sorapuro', '0', '-7', 'Puro', 'Sorapuro'),
    ('-8', 'FI', 'Soralampi', '0', '-8', 'Lampi', 'Soralampi'),
    ('-9', 'FI', 'Kerrostalo', '0', '-9', 'Kerrostalo', 'Kerrostalo'),
    ('-10', 'FI', 'Ikkuna', '0', '-10', 'Ikkuna', 'Ikkuna'),
    ('-11', 'FI', 'Ulko-ovi', '0', '-11', 'Ovi', 'Ulko-ovi'),
    ('-12', 'FI', 'Hissi', '0', '-12', 'Hissi', 'Hissi'),
    ('-13', 'FI', 'Portaat', '0', '-13', 'Portaat', 'Portaat'),
    ('-14', 'FI', 'Miekka', '0', '-14', 'Miekka', 'Miekka'),
    ('-15', 'FI', 'Kilpi', '0', '-15', 'Kilpi', 'Kilpi'),
    ('-16', 'FI', 'Panssari', '0', '-16', 'Panssari', 'Panssari'),
    ('-17', 'FI', 'Kypärä', '0', '-17', 'Kypärä', 'Kypärä'),
    ('-18', 'FI', 'Polkypyörä', '0', '-18', 'Polkypyörä', 'Polkypyörä'),
    ('-19', 'FI', 'Eturengas', '0', '-19', 'Eturengas', 'Eturengas'),
    ('-20', 'FI', 'Takarengas', '0', '-20', 'Takarengas', 'Takarengas'),
    ('-21', 'FI', 'Satula', '0', '-21', 'Satula', 'Satula'),
    ('-22', 'FI', 'Tanko', '0', '-22', 'Tanko', 'Tanko'),
    ('-23', 'FI', 'Monta versiota 1', '0', '-23', '1', 'Yhteensä kolme veriota'),
    ('-24', 'FI', 'Monta versiota 2', '0', '-24', '2', 'Yhteensä kolme veriota'),
    ('-25', 'FI', 'Monta versiota 3', '0', '-25', '3', 'Yhteensä kolme veriota'),
    ('-26', 'FI', 'Tuhottava testikoodi', '0', '-26', 'delme', 'Tuhotaan testissä'),
    ('-27', 'FI', 'Päivitettävä testikoodi', '0', '-27', 'updateme', 'päivitetään testissä'),
    ('-28', 'FI', 'Tallennustestikoodi', '0', '-28', 'savetesti', 'tallennetaan testissä'),
    ('-29', 'FI', 'Tallennustestikoodirelaatio1', '0', '-29', 'savetesti', 'tallennetaan testissä'),
    ('-30', 'FI', 'Tallennustestikoodirelaatio2', '0', '-30', 'savetesti', 'tallennetaan testissä'),
    ('-31', 'FI', 'Tallennustestikoodirelaatio3', '0', '-31', 'savetesti', 'tallennetaan testissä'),
    ('-32', 'FI', 'Tallennustestikoodirelaatio4', '0', '-32', 'savetesti', 'tallennetaan testissä'),
    ('-33', 'FI', 'Tallennustestikoodirelaatio5', '0', '-33', 'savetesti', 'tallennetaan testissä'),
    ('-34', 'FI', 'Tallennustestikoodirelaatio6', '0', '-34', 'savetesti', 'tallennetaan testissä'),
    ('-35', 'FI', 'Tallennustestikoodirelaatio7', '0', '-35', 'savetesti', 'tallennetaan testissä'),
    ('-36', 'FI', 'Viimeinen on luonnos', '0', '-36', 'viimeinenluonnos', 'Viimeinen versio on luonnos'),
    ('-37', 'FI', 'Seuraava on luonnos', '0', '-37', 'seuraavaluonnos', 'Seuraava versio on luonnos'),
    ('-38', 'FI', 'Tämä on luonnos', '0', '-38', 'luonnos', 'Tämä versio on luonnos'),
    ('-39', 'FI', 'Poistettu', '0', '-39', 'poistettu', 'Poistettu uudemmista koodistoversioista'),
    ('-40', 'FI', 'Relaation uudelleenluonti vanha1', '0', '-40', null, null),
    ('-41', 'FI', 'Relaation uudelleenluonti vanha2', '0', '-41', null, null),
    ('-42', 'FI', 'Relaation uudelleenluonti uusi', '0', '-42', null, null),
    ('-43', 'FI', 'Tällä on suhteet kahteen saman koodiston koodiin', '0', '-43', null, null),
    ('-44', 'FI', 'Tämä on toinen', '0', '-44', null, null),
    ('-45', 'FI', 'Ja tämä on toinen', '0', '-45', null, null),
    ('-46', 'FI', 'Tähän luodaan relaatio koodiston sisällä', '0', '-46', null, null),
    ('-47', 'FI', 'Kuten myös tähänkin', '0', '-47', null, null);


INSERT INTO koodinsuhde (id,alakoodiversio_id,ylakoodiversio_id,suhteentyyppi,version,versio,ylakoodistapassiivinen,alakoodistapassiivinen)
VALUES
    ('-1', '-1', '-4', 'SISALTYY', '0', '1', 'false', 'false'),
    ('-2', '-2', '-4', 'SISALTYY', '0', '1', 'false', 'false'),
    ('-3', '-3', '-4', 'SISALTYY', '0', '1', 'false', 'false'),
    ('-4', '-4', '-5', 'RINNASTEINEN', '0', '1', 'false', 'false'),
    ('-5', '-4', '-6', 'RINNASTEINEN', '0', '1', 'false', 'false'),
    ('-6', '-4', '-7', 'RINNASTEINEN', '0', '1', 'false', 'false'),
    ('-7', '-8', '-1', 'SISALTYY', '0', '1', 'false', 'false'),
    ('-8', '-8', '-2', 'SISALTYY', '0', '1', 'false', 'false'),
    ('-9', '-8', '-3', 'SISALTYY', '0', '1', 'false', 'false'),
    ('-10', '-10', '-9', 'SISALTYY', '0', '1', 'false', 'false'),
    ('-11', '-11', '-9', 'SISALTYY', '0', '1', 'false', 'false'),
    ('-12', '-12', '-9', 'SISALTYY', '0', '1', 'false', 'false'),
    ('-13', '-13', '-9', 'SISALTYY', '0', '1', 'false', 'false'),
    ('-14', '-29', '-28', 'SISALTYY', '0', '1', 'false', 'false'),
    ('-15', '-30', '-28', 'RINNASTEINEN', '0', '1', 'false', 'false'),
    ('-16', '-28', '-31', 'RINNASTEINEN', '0', '1', 'false', 'false'),
    ('-17', '-28', '-32', 'SISALTYY', '0', '1', 'false', 'false'),
    ('-18', '-41', '-40', 'SISALTYY', '0', '1', 'false', 'true'),
    ('-19', '-44', '-43', 'SISALTYY', '0', '1', 'false', 'false'),
    ('-20', '-43', '-45', 'SISALTYY', '0', '1', 'false', 'false');

INSERT INTO koodistoversio (id,version,paivityspvm,luotu,tila,versio,koodisto_id,voimassaalkupvm)
VALUES
    ('-1', '0', '2012-03-22', '2013-01-01', 'HYVAKSYTTY', '1', '-1', '2012-11-20'),
    ('-2', '0', '2012-03-22', '2013-01-01', 'HYVAKSYTTY', '1', '-2', '2012-11-20'),
    ('-3', '0', '2012-03-22', '2013-01-01', 'HYVAKSYTTY', '1', '-3', '2012-11-20'),
    ('-4', '0', '2012-03-22', '2013-01-01', 'HYVAKSYTTY', '1', '-4', '2012-11-20'),
    ('-5', '0', '2012-03-22', '2013-01-01', 'HYVAKSYTTY', '1', '-5', '2012-11-20'),
    ('-6', '0', '2012-03-22', '2013-01-01', 'HYVAKSYTTY', '1', '-6', '2012-11-20'),
    ('-7', '0', '2012-03-22', '2013-01-01', 'HYVAKSYTTY', '1', '-7', '2012-11-20'),
    ('-8', '0', '2012-03-22', '2013-01-01', 'HYVAKSYTTY', '1', '-8', '2012-11-20'),
    ('-9', '0', '2012-03-22', '2013-01-01', 'HYVAKSYTTY', '1', '-9', '2012-11-20'),
    ('-10', '0', '2012-03-22', '2013-01-01', 'HYVAKSYTTY', '1', '-10', '2012-11-20'),
    ('-11', '0', '2012-03-22', '2013-01-01', 'HYVAKSYTTY', '1', '-11', '2012-11-20'),
    ('-12', '0', '2012-03-22', '2013-01-01', 'HYVAKSYTTY', '1', '-12', '2012-11-20'),
    ('-13', '0', '2012-03-22', '2013-01-01', 'HYVAKSYTTY', '1', '-13', '2012-11-20'),
    ('-14', '0', '2012-03-22', '2013-01-01', 'LUONNOS', '1', '-14', '2012-11-20'),
    ('-15', '0', '2012-03-22', '2013-01-01', 'HYVAKSYTTY', '1', '-15', '2012-11-20'),
    ('-16', '0', '2012-03-22', '2013-01-01', 'HYVAKSYTTY', '1', '-16', '2012-11-20'),
    ('-17', '0', '2012-03-22', '2013-01-01', 'HYVAKSYTTY', '1', '-17', '2012-11-20'),
    ('-18', '0', '2012-03-22', '2013-01-01', 'HYVAKSYTTY', '1', '-18', '2012-11-20'),
    ('-19', '0', '2012-03-22', '2013-01-01', 'HYVAKSYTTY', '1', '-19', '2012-11-20'),
    ('-20', '0', '2012-03-22', '2013-01-01', 'HYVAKSYTTY', '1', '-20', '2012-11-20'),
    ('-21', '0', '2012-03-22', '2013-01-01', 'HYVAKSYTTY', '2', '-20', '2012-11-20'),
    ('-22', '0', '2012-03-22', '2013-01-01', 'LUONNOS', '3', '-20', '2012-11-20'),
    ('-23', '0', '2012-03-22', '2013-01-01', 'HYVAKSYTTY', '2', '-13', '2012-11-20'),
    ('-24', '0', '2012-03-22', '2013-01-01', 'HYVAKSYTTY', '3', '-13', '2012-11-20'),
    ('-25', '0', '2012-03-22', '2013-01-01', 'HYVAKSYTTY', '1', '-21', '2012-11-20'),
    ('-26', '0', '2012-03-22', '2013-01-01', 'HYVAKSYTTY', '1', '-22', '2012-11-20'),
    ('-27', '0', '2012-03-22', '2013-01-01', 'HYVAKSYTTY', '2', '-22', '2012-11-20'),
    ('-28', '0', '2012-03-22', '2013-01-01', 'HYVAKSYTTY', '1', '-23', '2012-11-20');

INSERT INTO koodistometadata (id,kieli,nimi,version,koodistoversio_id,kuvaus)
VALUES
    ('-1', 'FI', 'Järvet', '0', '-1', 'Järvet'),
    ('-2', 'FI', 'Joet', '0', '-2', 'Joet'),
    ('-3', 'FI', 'Purot', '0', '-3', 'Purot'),
    ('-4', 'FI', 'Lammet', '0', '-4', 'Lammet'),
    ('-5', 'FI', 'Rakennukset', '0', '-5', 'Rakennukset'),
    ('-6', 'FI', 'Ikkunat', '0', '-6', 'Ikkunat'),
    ('-7', 'FI', 'Ovet', '0', '-7', 'Ovet'),
    ('-8', 'FI', 'Kerrokset', '0', '-8', 'kerrokset'),
    ('-9', 'FI', 'Aseet', '0', '-9', 'aseet'),
    ('-10', 'FI', 'Suojukset', '0', '-10', 'suojukset'),
    ('-11', 'FI', 'Kulkuvälineet', '0', '-11', 'kulkuvälineet'),
    ('-12', 'FI', 'Renkaat', '0', '-12', 'renkaat'),
    ('-13', 'FI', 'Muut pyörän osat', '0', '-13', 'Muut pyörän osat'),
    ('-14', 'FI', 'Testi koodien insertointia varten', '0', '-14', 'Kuvaus'),
    ('-15', 'FI', 'Testi koodien päivitystä varten', '0', '-15', 'Kuvaus'),
    ('-16', 'FI', 'Testi koodien tallennusta varten', '0', '-16', 'Kuvaus'),
    ('-17', 'FI', 'Testi koodien tallennusta varten sisaltää', '0', '-17', 'Kuvaus'),
    ('-18', 'FI', 'Testi koodien tallennusta varten rinnastuu', '0', '-18', 'Kuvaus'),
    ('-19', 'FI', 'Testi koodien tallennusta varten sisaltyy', '0', '-19', 'Kuvaus'),
    ('-20', 'FI', 'Viimeinen on luonnos', '0', '-20', 'Kuvaus'),
    ('-21', 'FI', 'Seuraava on luonnos', '0', '-21', 'Kuvaus'),
    ('-22', 'FI', 'Tämä on luonnos', '0', '-22', 'Kuvaus'),
    ('-26', 'FI', 'Tämä oli unohtunut välistä', '0', '-23', 'Kuvaus'),
    ('-27', 'FI', 'Kuin myös tämäkin', '0', '-24', 'Kuvaus'),
    ('-23', 'FI', 'Luodaan uudelleen kerran poistettu relaatio 1', '0', '-25', null),
    ('-24', 'FI', 'Luodaan uudelleen kerran poistettu relaatio 2', '0', '-26', null),
    ('-25', 'FI', 'Luodaan uudelleen kerran poistettu relaatio 3', '0', '-27', null),
    ('-28', 'FI', 'Koodiston sisällä relatioiden luominen', '0', '-28', null);

INSERT INTO koodistoversio_koodiversio (id,version,koodistoversio_id,koodiversio_id)
VALUES
    ('-1', '0', '-1', '-1'),
    ('-2', '0', '-1', '-2'),
    ('-3', '0', '-1', '-3'),
    ('-4', '0', '-2', '-4'),
    ('-5', '0', '-3', '-5'),
    ('-6', '0', '-3', '-6'),
    ('-7', '0', '-3', '-7'),
    ('-8', '0', '-4', '-8'),
    ('-9', '0', '-5', '-9'),
    ('-10', '0', '-6', '-10'),
    ('-11', '0', '-7', '-11'),
    ('-12', '0', '-8', '-12'),
    ('-13', '0', '-8', '-13'),
    ('-14', '0', '-9', '-14'),
    ('-15', '0', '-10', '-15'),
    ('-16', '0', '-10', '-16'),
    ('-17', '0', '-10', '-17'),
    ('-18', '0', '-11', '-18'),
    ('-19', '0', '-12', '-19'),
    ('-20', '0', '-12', '-20'),
    ('-21', '0', '-24', '-21'),
    ('-22', '0', '-24', '-22'),
    ('-23', '0', '-15', '-27'),
    ('-24', '0', '-16', '-28'),
    ('-25', '0', '-17', '-29'),
    ('-26', '0', '-17', '-33'),
    ('-27', '0', '-18', '-30'),
    ('-28', '0', '-18', '-31'),
    ('-29', '0', '-18', '-34'),
    ('-30', '0', '-19', '-32'),
    ('-31', '0', '-19', '-35'),
    ('-32', '0', '-20', '-36'),
    ('-33', '0', '-21', '-37'),
    ('-34', '0', '-22', '-38'),
    ('-35', '0', '-13', '-23'),
    ('-36', '0', '-23', '-24'),
    ('-37', '0', '-24', '-25'),
    ('-38', '0', '-13', '-39'),
    ('-39', '0', '-25', '-40'),
    ('-40', '0', '-26', '-41'),
    ('-41', '0', '-27', '-42'),
    ('-42', '0', '-28', '-43'),
    ('-43', '0', '-28', '-44'),
    ('-44', '0', '-28', '-45'),
    ('-45', '0', '-28', '-46'),
    ('-46', '0', '-28', '-47');

INSERT INTO koodistoryhma (id,koodistoryhmauri,version)
VALUES
    ('-1', 'maantieto', '0'),
    ('-2', 'rakennukset', '0'),
    ('-3', 'varusteet', '0'),
    ('-4', 'kulkuvalineet', '0'),
    ('-5', 'abstrakti', '0'),
    ('-6', 'savetesti', '0');

INSERT INTO koodistoryhma_koodisto (koodistoryhma_id,koodisto_id)
VALUES
    ('-1', '-1'),
    ('-1', '-2'),
    ('-1', '-3'),
    ('-1', '-4'),
    ('-2', '-5'),
    ('-2', '-6'),
    ('-2', '-7'),
    ('-2', '-8'),
    ('-3', '-9'),
    ('-3', '-10'),
    ('-4', '-11'),
    ('-4', '-12'),
    ('-4', '-13'),
    ('-5', '-15'),
    ('-6', '-16'),
    ('-6', '-17'),
    ('-6', '-18'),
    ('-6', '-19');

INSERT INTO koodistoryhmametadata (id,koodistoryhma_id,kieli,nimi,version)
VALUES
    ('-1', '-1', 'FI', 'Maantieto', '0'),
    ('-2', '-2', 'FI', 'Rakennukset', '0'),
    ('-3', '-3', 'FI', 'Varusteet', '0'),
    ('-4', '-4', 'FI', 'Kulkuvälineet', '0'),
    ('-5', '-5', 'FI', 'Abstrakteja testejä', '0'),
    ('-6', '-6', 'FI', 'Talennukseen testikoodistot', '0');

INSERT INTO koodistonsuhde (id,alakoodistoversio_id,ylakoodistoversio_id,versio,suhteentyyppi,version,ylakoodistostapassiivinen,alakoodistostapassiivinen)
VALUES
    ('-1', '-1', '-2', '1', 'SISALTYY', '0', 'false', 'false'),
    ('-2', '-2', '-3', '1', 'RINNASTEINEN', '0', 'false', 'false'),
    ('-3', '-4', '-1', '1', 'SISALTYY', '0', 'false', 'false'),
    ('-4', '-6', '-5', '1', 'SISALTYY', '0', 'false', 'false'),
    ('-5', '-7', '-5', '1', 'SISALTYY', '0', 'false', 'false'),
    ('-6', '-8', '-5', '1', 'SISALTYY', '0', 'false', 'false'),
    ('-7', '-9', '-10', '1', 'RINNASTEINEN', '0', 'false', 'false'),
    ('-8', '-12', '-11', '1', 'SISALTYY', '0', 'false', 'false'),
    ('-9', '-17', '-16', '1', 'SISALTYY', '0', 'false', 'false'),
    ('-10', '-18', '-16', '1', 'RINNASTEINEN', '0', 'false', 'false'),
    ('-11', '-16', '-19', '1', 'SISALTYY', '0', 'false', 'false'),
    ('-12', '-26', '-25', '1', 'SISALTYY', '0', 'false', 'true'),
    ('-13', '-27', '-25', '1', 'SISALTYY', '0', 'false', 'false'),
    ('-14', '-11', '-13', '1', 'SISALTYY', '0', 'false', 'false');