INSERT INTO koodisto (id,koodistouri,omistaja, version,organisaatioOid)
VALUES
    ('-1', 'www.kunnat.fi/kunta', null, '0', '1.2.2004.6'),
    ('-303', 'www.kunnat.fi/maakunta', null, '0', '1.2.2004.6'),
    ('-365', 'www.avi.fi/aluevirasto', null, '0', '1.2.2004.6'),
    ('-398', 'testi.fi', 'jorma', '2', '1.2.2004.3'),
    ('-399', 'testikoodisto.fi', null, '0', '1.2.2004.4'),
    ('-422', 'testikoodisto-2.fi', null, '0', '1.2.2004.9'),
    ('-430', 'paljon_versioita.fi/1', null, '0', '1.2.2004.3'),
    ('-431', 'ekaversioluonnostilassa', null, '0', '1.2.2004.6'),
    ('-432', 'montapassiivistauuttaversiota', null, '0', '1.2.2004.6'),
    ('-433', 'passiivinenkoodistojossakoodeja', null, '0', '1.2.2004.6'),
    ('-434', 'koodisto', null, '0', '1.2.2004.6'),
    ('-435', 'koodisto2', null, '0', '1.2.2004.6'),
    ('-436', 'koodisto3', null, '0', '1.2.2004.6'),
    ('-437', 'koodisto4', null, '0', '1.2.2004.6'),
    ('-438', 'koodisto5', null, '0', '1.2.2004.6'),
    ('-439', 'koodisto6', null, '0', '1.2.2004.6'),
    ('-440', 'koodisto7', null, '0', '1.2.2004.6'),
    ('-441', 'koodisto8', null, '0', '1.2.2004.6'),
    ('-442', 'koodisto9', null, '0', '1.2.2004.6'),
    ('-443', 'koodisto10', null, '0', '1.2.2004.6'),
    ('-444', 'koodisto11', null, '0', '1.2.2004.6'),
    ('-445', 'koodisto12', null, '0', '1.2.2004.6'),
    ('-446', 'koodisto13', null, '0', '1.2.2004.6'),
    ('-447', 'koodisto14', null, '0', '1.2.2004.6'),
    ('-448', 'koodisto15', null, '0', '1.2.2004.6'),
    ('-449', 'koodisto16', null, '0', '1.2.2004.6'),
    ('-450', 'koodisto17', null, '0', '1.2.2004.6'),
    ('-451', 'koodisto18', null, '0', '1.2.2004.6'),
    ('-452', 'koodisto19', null, '0', '1.2.2004.6'),
    ('-453', 'koodisto20', null, '0', '1.2.2004.6'),
    ('-454', 'koodisto21', null, '0', '1.2.2004.6'),
    ('-500', 'koodisiirtyykoodisto', null, '0', '1.2.2004.6'),
    ('-501', 'suhde502kanssa', null, '0', '1.2.2004.6'),
    ('-502', 'suhde501kanssa', null, '0', '1.2.2004.6'),
    ('-600', 'vaintuoreimmatrelaatiot', null, '0', '1.2.2004.6'),
    ('-601', 'eirelaatioitatuoreimmassa', null, '0', '1.2.2004.6'),
    ('-602', 'relaatioitatuoreimmassa', null, '0', '1.2.2004.6'),
    ('-700', 'vanhasuhdeeiversioiduA', null, '0', '1.2.2004.6'),
    ('-701', 'vanhasuhdeeiversioiduB', null, '0', '1.2.2004.6'),
    ('-702', 'vanhasuhdeeiversioiduATake2', null, '0', '1.2.2004.6'),
    ('-703', 'vanhasuhdeeiversioiduBTake2', null, '0', '1.2.2004.6'),
    ('-800', 'koodistonSaveTestiKoodisto0', null, '0', '1.2.2004.6'),
    ('-801', 'koodistonSaveTestiKoodisto1', null, '0', '1.2.2004.6'),
    ('-802', 'koodistonSaveTestiKoodisto2', null, '0', '1.2.2004.6'),
    ('-803', 'koodistonSaveTestiKoodisto3', null, '0', '1.2.2004.6'),
    ('-804', 'koodistonSaveTestiKoodisto4', null, '0', '1.2.2004.6'),
    ('-805', 'koodistonSaveTestiKoodisto5', null, '0', '1.2.2004.6'),
    ('-806', 'koodistonSaveTestiKoodisto6', null, '0', '1.2.2004.6'),
    ('-807', 'koodistonSaveTestiKoodisto7', null, '0', '1.2.2004.6'),
    ('-808', 'koodistonsuhdeitsensakanssa', null, '0', '1.2.2004.6'),
    ('-809', 'vanhasuhdepassivoidaan', null, '0', '1.2.2004.6'),
    ('-810', '809suhdetahan', null, '0', '1.2.2004.6'),
    ('-811', 'passiivisuhdeeikopioidu', null, '0', '1.2.2004.6'),
    ('-812', 'koodistonsuhdeitsensakanssa2', null, '0', '1.2.2004.6'),
    ('-1000', 'vanhatsuhteetaktivoituupoistossa', null, '0', '1.2.2004.6'),
    ('-1001', 'tonnillasuhdetahan', null, '0', '1.2.2004.6');

INSERT INTO koodi (id,koodisto_id,version,koodiuri)
VALUES
    ('-3', '-1', '0', '3'),
    ('-5', '-1', '0', '5'),
    ('-7', '-1', '0', '7'),
    ('-9', '-1', '0', '9'),
    ('-11', '-1', '0', '11'),
    ('-13', '-1', '0', '13'),
    ('-15', '-1', '0', '15'),
    ('-17', '-1', '0', '17'),
    ('-19', '-1', '0', '19'),
    ('-21', '-1', '0', '21'),
    ('-23', '-1', '0', '23'),
    ('-25', '-1', '0', '25'),
    ('-27', '-1', '0', '27'),
    ('-29', '-1', '0', '29'),
    ('-31', '-1', '0', '31'),
    ('-33', '-1', '0', '33'),
    ('-35', '-1', '0', '35'),
    ('-37', '-1', '0', '37'),
    ('-39', '-1', '0', '39'),
    ('-41', '-1', '0', '41'),
    ('-43', '-1', '0', '43'),
    ('-45', '-1', '0', '45'),
    ('-47', '-1', '0', '47'),
    ('-49', '-1', '0', '49'),
    ('-51', '-1', '0', '51'),
    ('-53', '-1', '0', '53'),
    ('-55', '-1', '0', '55'),
    ('-57', '-1', '0', '57'),
    ('-59', '-1', '0', '59'),
    ('-61', '-1', '0', '61'),
    ('-63', '-1', '0', '63'),
    ('-65', '-1', '0', '65'),
    ('-67', '-1', '0', '67'),
    ('-69', '-1', '0', '69'),
    ('-71', '-1', '0', '71'),
    ('-73', '-1', '0', '73'),
    ('-75', '-1', '0', '75'),
    ('-77', '-1', '0', '77'),
    ('-79', '-1', '0', '79'),
    ('-81', '-1', '0', '81'),
    ('-83', '-1', '0', '83'),
    ('-85', '-1', '0', '85'),
    ('-87', '-1', '0', '87'),
    ('-89', '-1', '0', '89'),
    ('-91', '-1', '0', '91'),
    ('-93', '-1', '0', '93'),
    ('-95', '-1', '0', '95'),
    ('-97', '-1', '0', '97'),
    ('-99', '-1', '0', '99'),
    ('-101', '-1', '0', '101'),
    ('-103', '-1', '0', '103'),
    ('-105', '-1', '0', '105'),
    ('-107', '-1', '0', '107'),
    ('-109', '-1', '0', '109'),
    ('-111', '-1', '0', '111'),
    ('-113', '-1', '0', '113'),
    ('-115', '-1', '0', '115'),
    ('-117', '-1', '0', '117'),
    ('-119', '-1', '0', '119'),
    ('-121', '-1', '0', '121'),
    ('-123', '-1', '0', '123'),
    ('-125', '-1', '0', '125'),
    ('-127', '-1', '0', '127'),
    ('-129', '-1', '0', '129'),
    ('-131', '-1', '0', '131'),
    ('-133', '-1', '0', '133'),
    ('-135', '-1', '0', '135'),
    ('-137', '-1', '0', '137'),
    ('-139', '-1', '0', '139'),
    ('-141', '-1', '0', '141'),
    ('-143', '-1', '0', '143'),
    ('-145', '-1', '0', '145'),
    ('-147', '-1', '0', '147'),
    ('-149', '-1', '0', '149'),
    ('-151', '-1', '0', '151'),
    ('-153', '-1', '0', '153'),
    ('-155', '-1', '0', '155'),
    ('-157', '-1', '0', '157'),
    ('-159', '-1', '0', '159'),
    ('-161', '-1', '0', '161'),
    ('-163', '-1', '0', '163'),
    ('-165', '-1', '0', '165'),
    ('-167', '-1', '0', '167'),
    ('-169', '-1', '0', '169'),
    ('-171', '-1', '0', '171'),
    ('-173', '-1', '0', '173'),
    ('-175', '-1', '0', '175'),
    ('-177', '-1', '0', '177'),
    ('-179', '-1', '0', '179'),
    ('-181', '-1', '0', '181'),
    ('-183', '-1', '0', '183'),
    ('-185', '-1', '0', '185'),
    ('-187', '-1', '0', '187'),
    ('-189', '-1', '0', '189'),
    ('-191', '-1', '0', '191'),
    ('-193', '-1', '0', '193'),
    ('-195', '-1', '0', '195'),
    ('-197', '-1', '0', '197'),
    ('-199', '-1', '0', '199'),
    ('-201', '-1', '0', '201'),
    ('-305', '-303', '0', '305'),
    ('-307', '-303', '0', '307'),
    ('-309', '-303', '0', '309'),
    ('-311', '-303', '0', '311'),
    ('-313', '-303', '0', '313'),
    ('-315', '-303', '0', '315'),
    ('-317', '-303', '0', '317'),
    ('-319', '-303', '0', '319'),
    ('-321', '-303', '0', '321'),
    ('-323', '-303', '0', '323'),
    ('-325', '-303', '0', '325'),
    ('-327', '-303', '0', '327'),
    ('-329', '-303', '0', '329'),
    ('-331', '-303', '0', '331'),
    ('-333', '-303', '0', '333'),
    ('-335', '-303', '0', '335'),
    ('-337', '-303', '0', '337'),
    ('-339', '-303', '0', '339'),
    ('-341', '-303', '0', '341'),
    ('-343', '-303', '0', '343'),
    ('-367', '-365', '0', '367'),
    ('-369', '-365', '0', '369'),
    ('-371', '-365', '0', '371'),
    ('-373', '-365', '0', '373'),
    ('-375', '-365', '0', '375'),
    ('-377', '-365', '0', '377'),
    ('-379', '-365', '0', '379'),
    ('-381', '-365', '0', '381'),
    ('-410', '-399', '0', '410'),
    ('-411', '-422', '0', '411'),
    ('-435', '-430', '0', '435'),
    ('-436', '-430', '0', '436'),
    ('-437', '-431', '0', '437'),
    ('-438', '-433', '0', '438'),
    ('-439', '-434', '0', '439'),
    ('-440', '-434', '0', '440'),
    ('-441', '-434', '0', '441'),
    ('-442', '-435', '0', '442'),
    ('-443', '-435', '0', '443'),
    ('-444', '-435', '0', '444'),
    ('-445', '-436', '0', '445'),
    ('-446', '-436', '0', '446'),
    ('-447', '-436', '0', '447'),
    ('-448', '-437', '0', '448'),
    ('-449', '-437', '0', '449'),
    ('-450', '-437', '0', '450'),
    ('-451', '-438', '0', '451'),
    ('-452', '-438', '0', '452'),
    ('-453', '-438', '0', '453'),
    ('-454', '-439', '0', '454'),
    ('-455', '-440', '0', '455'),
    ('-456', '-442', '0', '456'),
    ('-457', '-442', '0', '457'),
    ('-458', '-443', '0', '458'),
    ('-459', '-443', '0', '459'),
    ('-460', '-444', '0', '460'),
    ('-461', '-445', '0', '461'),
    ('-462', '-446', '0', '462'),
    ('-463', '-445', '0', '463'),
    ('-464', '-446', '0', '464'),
    ('-465', '-447', '0', '465'),
    ('-466', '-447', '0', '466'),
    ('-467', '-446', '0', '467'),
    ('-468', '-445', '0', '468'),
    ('-469', '-446', '0', '469'),
    ('-470', '-448', '0', '470'),
    ('-471', '-450', '0', '471'),
    ('-472', '-450', '0', '472'),
    ('-473', '-451', '0', '473'),
    ('-474', '-451', '0', '474'),
    ('-475', '-452', '0', '475'),
    ('-476', '-453', '0', '476'),
    ('-477', '-454', '0', '477'),
    ('-478', '-453', '0', '478'),
    ('-500', '-500', '0', 'koodisiirtyy'),
    ('-700', '-700', '0', 'vanhasuhdeeiversioiduA'),
    ('-701', '-701', '0', 'vanhasuhdeeiversioiduB'),
    ('-702', '-702', '0', 'vanhasuhdeeiversioiduATake2'),
    ('-703', '-703', '0', 'vanhasuhdeeiversioiduBTake2'),
    ('-704', '-809', '0', 'vanhasuhdepassivoidaan'),
    ('-705', '-810', '0', '809suhdetahan'),
    ('-706', '-811', '0', 'passiivisuhdeeikopioidu'),
    ('-1000', '-1000', '0', 'wanhasuhdeaktivoituupoistossa'),
    ('-1001', '-1001', '0', 'tonnillasuhdetahan');

INSERT INTO koodiversio (id,version,paivityspvm,luotu,tila,versio,voimassaalkupvm,voimassaloppupvm,koodi_id,koodiarvo)
VALUES
    ('-3', '0', '2012-03-22', '2013-01-01', 'HYVAKSYTTY', '1', '1990-01-01', null, '-3', '005'),
    ('-5', '0', '2012-03-22', '2013-01-01', 'HYVAKSYTTY', '1', '1990-01-01', null, '-5', '009'),
    ('-7', '0', '2012-03-22', '2013-01-01', 'HYVAKSYTTY', '1', '1990-01-01', null, '-7', '010'),
    ('-9', '0', '2012-03-22', '2013-01-01', 'HYVAKSYTTY', '1', '1990-01-01', null,'-9', '016'),
    ('-11', '0', '2012-03-22', '2013-01-01', 'HYVAKSYTTY', '1', '1990-01-01', null, '-11', '018'),
    ('-13', '0', '2012-03-22', '2013-01-01', 'HYVAKSYTTY', '1', '1990-01-01', null, '-13', '019'),
    ('-15', '0', '2012-03-22', '2013-01-01', 'HYVAKSYTTY', '1', '2007-01-01', null, '-15', '020'),
    ('-17', '0', '2012-03-22', '2013-01-01', 'HYVAKSYTTY', '1', '1990-01-01', null, '-17', '035'),
    ('-19', '0', '2012-03-22', '2013-01-01', 'HYVAKSYTTY', '1', '1990-01-01', null, '-19', '043'),
    ('-21', '0', '2012-03-22', '2013-01-01', 'HYVAKSYTTY', '1', '1990-01-01', null, '-21', '046'),
    ('-23', '0', '2012-03-22', '2013-01-01', 'HYVAKSYTTY', '1', '1990-01-01', null, '-23', '047'),
    ('-25', '0', '2012-03-22', '2013-01-01', 'HYVAKSYTTY', '1', '1990-01-01', null, '-25', '049'),
    ('-27', '0', '2012-03-22', '2013-01-01', 'HYVAKSYTTY', '1', '1990-01-01', null, '-27', '050'),
    ('-29', '0', '2012-03-22', '2013-01-01', 'HYVAKSYTTY', '1', '1990-01-01', null, '-29', '051'),
    ('-31', '0', '2012-03-22', '2013-01-01', 'HYVAKSYTTY', '1', '1990-01-01', null, '-31', '052'),
    ('-33', '0', '2012-03-22', '2013-01-01', 'HYVAKSYTTY', '1', '1990-01-01', null, '-33', '060'),
    ('-35', '0', '2012-03-22', '2013-01-01', 'HYVAKSYTTY', '1', '1990-01-01', null, '-35', '061'),
    ('-37', '0', '2012-03-22', '2013-01-01', 'HYVAKSYTTY', '1', '1990-01-01', null, '-37', '062'),
    ('-39', '0', '2012-03-22', '2013-01-01', 'HYVAKSYTTY', '1', '1990-01-01', null, '-39', '065'),
    ('-41', '0', '2012-03-22', '2013-01-01', 'HYVAKSYTTY', '1', '1990-01-01', null, '-41', '069'),
    ('-43', '0', '2012-03-22', '2013-01-01', 'HYVAKSYTTY', '1', '1990-01-01', null, '-43', '071'),
    ('-45', '0', '2012-03-22', '2013-01-01', 'HYVAKSYTTY', '1', '1990-01-01', null, '-45', '072'),
    ('-47', '0', '2012-03-22', '2013-01-01', 'HYVAKSYTTY', '1', '1990-01-01', null, '-47', '074'),
    ('-49', '0', '2012-03-22', '2013-01-01', 'HYVAKSYTTY', '1', '1990-01-01', null, '-49', '075'),
    ('-51', '0', '2012-03-22', '2013-01-01', 'HYVAKSYTTY', '1', '1990-01-01', null, '-51', '076'),
    ('-53', '0', '2012-03-22', '2013-01-01', 'HYVAKSYTTY', '1', '1990-01-01', null, '-53', '077'),
    ('-55', '0', '2012-03-22', '2013-01-01', 'HYVAKSYTTY', '1', '1990-01-01', null, '-55', '078'),
    ('-57', '0', '2012-03-22', '2013-01-01', 'HYVAKSYTTY', '1', '1990-01-01', null, '-57', '079'),
    ('-59', '0', '2012-03-22', '2013-01-01', 'HYVAKSYTTY', '1', '1990-01-01', null, '-59', '081'),
    ('-61', '0', '2012-03-22', '2013-01-01', 'HYVAKSYTTY', '1', '1990-01-01', null, '-61', '082'),
    ('-63', '0', '2012-03-22', '2013-01-01', 'HYVAKSYTTY', '1', '1990-01-01', null, '-63', '084'),
    ('-65', '0', '2012-03-22', '2013-01-01', 'HYVAKSYTTY', '1', '1990-01-01', null, '-65', '086'),
    ('-67', '0', '2012-03-22', '2013-01-01', 'HYVAKSYTTY', '1', '1990-01-01', null, '-67', '090'),
    ('-69', '0', '2012-03-22', '2013-01-01', 'HYVAKSYTTY', '1', '1990-01-01', null, '-69', '091'),
    ('-71', '0', '2012-03-22', '2013-01-01', 'HYVAKSYTTY', '1', '1990-01-01', null, '-71', '092'),
    ('-73', '0', '2012-03-22', '2013-01-01', 'HYVAKSYTTY', '1', '1990-01-01', null, '-73', '097'),
    ('-75', '0', '2012-03-22', '2013-01-01', 'HYVAKSYTTY', '1', '1990-01-01', null, '-75', '098'),
    ('-77', '0', '2012-03-22', '2013-01-01', 'HYVAKSYTTY', '1', '1990-01-01', null, '-77', '099'),
    ('-79', '0', '2012-03-22', '2013-01-01', 'HYVAKSYTTY', '1', '1990-01-01', null, '-79', '102'),
    ('-81', '0', '2012-03-22', '2013-01-01', 'HYVAKSYTTY', '1', '1990-01-01', null, '-81', '103'),
    ('-83', '0', '2012-03-22', '2013-01-01', 'HYVAKSYTTY', '1', '1990-01-01', null, '-83', '105'),
    ('-85', '0', '2012-03-22', '2013-01-01', 'HYVAKSYTTY', '1', '1990-01-01', null, '-85', '106'),
    ('-87', '0', '2012-03-22', '2013-01-01', 'HYVAKSYTTY', '1', '1990-01-01', null, '-87', '108'),
    ('-89', '0', '2012-03-22', '2013-01-01', 'HYVAKSYTTY', '1', '1990-01-01', null, '-89', '109'),
    ('-91', '0', '2012-03-22', '2013-01-01', 'HYVAKSYTTY', '1', '1997-01-01', null, '-91', '111'),
    ('-93', '0', '2012-03-22', '2013-01-01', 'HYVAKSYTTY', '1', '1990-01-01', null, '-93', '139'),
    ('-95', '0', '2012-03-22', '2013-01-01', 'HYVAKSYTTY', '1', '1990-01-01', null, '-95', '140'),
    ('-97', '0', '2012-03-22', '2013-01-01', 'HYVAKSYTTY', '1', '1990-01-01', null, '-97', '142'),
    ('-99', '0', '2012-03-22', '2013-01-01', 'HYVAKSYTTY', '1', '1990-01-01', null, '-99', '143'),
    ('-101', '0', '2012-03-22', '2013-01-01', 'HYVAKSYTTY', '1', '1990-01-01', null, '-101', '145'),
    ('-103', '0', '2012-03-22', '2013-01-01', 'HYVAKSYTTY', '1', '1990-01-01', null, '-103', '146'),
    ('-105', '0', '2012-03-22', '2013-01-01', 'HYVAKSYTTY', '1', '1990-01-01', null, '-105', '148'),
    ('-107', '0', '2012-03-22', '2013-01-01', 'HYVAKSYTTY', '1', '1990-01-01', null, '-107', '149'),
    ('-109', '0', '2012-03-22', '2013-01-01', 'HYVAKSYTTY', '1', '1990-01-01', null, '-109', '151'),
    ('-111', '0', '2012-03-22', '2013-01-01', 'HYVAKSYTTY', '1', '1990-01-01', null, '-111', '152'),
    ('-113', '0', '2012-03-22', '2013-01-01', 'HYVAKSYTTY', '1', '1990-01-01', null, '-113', '153'),
    ('-115', '0', '2012-03-22', '2013-01-01', 'HYVAKSYTTY', '1', '1990-01-01', null, '-115', '164'),
    ('-117', '0', '2012-03-22', '2013-01-01', 'HYVAKSYTTY', '1', '1990-01-01', null, '-117', '165'),
    ('-119', '0', '2012-03-22', '2013-01-01', 'HYVAKSYTTY', '1', '1990-01-01', null, '-119', '167'),
    ('-121', '0', '2012-03-22', '2013-01-01', 'HYVAKSYTTY', '1', '1990-01-01', null, '-121', '169'),
    ('-123', '0', '2012-03-22', '2013-01-01', 'HYVAKSYTTY', '1', '1990-01-01', null, '-123', '170'),
    ('-125', '0', '2012-03-22', '2013-01-01', 'HYVAKSYTTY', '1', '1990-01-01', null, '-125', '171'),
    ('-127', '0', '2012-03-22', '2013-01-01', 'HYVAKSYTTY', '1', '1990-01-01', null, '-127', '172'),
    ('-129', '0', '2012-03-22', '2013-01-01', 'HYVAKSYTTY', '1', '1990-01-01', null, '-129', '174'),
    ('-131', '0', '2012-03-22', '2013-01-01', 'HYVAKSYTTY', '1', '1990-01-01', null, '-131', '176'),
    ('-133', '0', '2012-03-22', '2013-01-01', 'HYVAKSYTTY', '1', '1990-01-01', null, '-133', '177'),
    ('-135', '0', '2012-03-22', '2013-01-01', 'HYVAKSYTTY', '1', '1990-01-01', null, '-135', '178'),
    ('-137', '0', '2012-03-22', '2013-01-01', 'HYVAKSYTTY', '1', '1990-01-01', null, '-137', '179'),
    ('-139', '0', '2012-03-22', '2013-01-01', 'HYVAKSYTTY', '1', '1990-01-01', null, '-139', '181'),
    ('-141', '0', '2012-03-22', '2013-01-01', 'HYVAKSYTTY', '1', '1990-01-01', null, '-141', '182'),
    ('-143', '0', '2012-03-22', '2013-01-01', 'HYVAKSYTTY', '1', '1990-01-01', null, '-143', '186'),
    ('-145', '0', '2012-03-22', '2013-01-01', 'HYVAKSYTTY', '1', '1990-01-01', null, '-145', '200'),
    ('-147', '0', '2012-03-22', '2013-01-01', 'HYVAKSYTTY', '1', '1990-01-01', null, '-147', '202'),
    ('-149', '0', '2012-03-22', '2013-01-01', 'HYVAKSYTTY', '1', '1990-01-01', null, '-149', '204'),
    ('-151', '0', '2012-03-22', '2013-01-01', 'HYVAKSYTTY', '1', '1990-01-01', null, '-151', '205'),
    ('-153', '0', '2012-03-22', '2013-01-01', 'HYVAKSYTTY', '1', '1990-01-01', null, '-153', '208'),
    ('-155', '0', '2012-03-22', '2013-01-01', 'HYVAKSYTTY', '1', '1990-01-01', null, '-155', '211'),
    ('-157', '0', '2012-03-22', '2013-01-01', 'HYVAKSYTTY', '1', '1990-01-01', null, '-157', '213'),
    ('-159', '0', '2012-03-22', '2013-01-01', 'HYVAKSYTTY', '1', '1990-01-01', null, '-159', '214'),
    ('-161', '0', '2012-03-22', '2013-01-01', 'HYVAKSYTTY', '1', '1990-01-01', null, '-161', '216'),
    ('-163', '0', '2012-03-22', '2013-01-01', 'HYVAKSYTTY', '1', '1990-01-01', null, '-163', '217'),
    ('-165', '0', '2012-03-22', '2013-01-01', 'HYVAKSYTTY', '1', '1990-01-01', null, '-165', '218'),
    ('-167', '0', '2012-03-22', '2013-01-01', 'HYVAKSYTTY', '1', '1990-01-01', null, '-167', '223'),
    ('-169', '0', '2012-03-22', '2013-01-01', 'HYVAKSYTTY', '1', '1990-01-01', null, '-169', '224'),
    ('-171', '0', '2012-03-22', '2013-01-01', 'HYVAKSYTTY', '1', '1990-01-01', null, '-171', '226'),
    ('-173', '0', '2012-03-22', '2013-01-01', 'HYVAKSYTTY', '1', '1990-01-01', null, '-173', '230'),
    ('-175', '0', '2012-03-22', '2013-01-01', 'HYVAKSYTTY', '1', '1990-01-01', null, '-175', '231'),
    ('-177', '0', '2012-03-22', '2013-01-01', 'HYVAKSYTTY', '1', '1990-01-01', null, '-177', '232'),
    ('-179', '0', '2012-03-22', '2013-01-01', 'HYVAKSYTTY', '1', '1990-01-01', null, '-179', '233'),
    ('-181', '0', '2012-03-22', '2013-01-01', 'HYVAKSYTTY', '1', '1990-01-01', null, '-181', '235'),
    ('-183', '0', '2012-03-22', '2013-01-01', 'HYVAKSYTTY', '1', '1990-01-01', null, '-183', '236'),
    ('-185', '0', '2012-03-22', '2013-01-01', 'HYVAKSYTTY', '1', '1990-01-01', null, '-185', '239'),
    ('-187', '0', '2012-03-22', '2013-01-01', 'HYVAKSYTTY', '1', '1990-01-01', null, '-187', '240'),
    ('-189', '0', '2012-03-22', '2013-01-01', 'HYVAKSYTTY', '1', '1990-01-01', null, '-189', '241'),
    ('-191', '0', '2012-03-22', '2013-01-01', 'HYVAKSYTTY', '1', '1990-01-01', null, '-191', '244'),
    ('-193', '0', '2012-03-22', '2013-01-01', 'HYVAKSYTTY', '1', '1990-01-01', null, '-193', '245'),
    ('-195', '0', '2012-03-22', '2013-01-01', 'HYVAKSYTTY', '1', '1990-01-01', null, '-195', '246'),
    ('-197', '0', '2012-03-22', '2013-01-01', 'HYVAKSYTTY', '1', '1990-01-01', null, '-197', '248'),
    ('-199', '0', '2012-03-22', '2013-01-01', 'HYVAKSYTTY', '1', '1990-01-01', null, '-199', '249'),
    ('-201', '0', '2012-03-22', '2013-01-01', 'HYVAKSYTTY', '1', '1990-01-01', null, '-201', '250'),
    ('-305', '0', '2012-03-22', '2013-01-01', 'HYVAKSYTTY', '1', '1993-01-01', null, '-305', '01'),
    ('-307', '0', '2012-03-22', '2013-01-01', 'HYVAKSYTTY', '1', '1993-01-01', null, '-307', '02'),
    ('-309', '0', '2012-03-22', '2013-01-01', 'HYVAKSYTTY', '1', '1993-01-01', null, '-309', '04'),
    ('-311', '0', '2012-03-22', '2013-01-01', 'HYVAKSYTTY', '1', '1998-03-01', null,  '-311', '05'),
    ('-313', '0', '2012-03-22', '2013-01-01', 'HYVAKSYTTY', '1', '1993-01-01', null, '-313', '06'),
    ('-315', '0', '2012-03-22', '2013-01-01', 'HYVAKSYTTY', '1', '1993-01-01', null, '-315', '07'),
    ('-317', '0', '2012-03-22', '2013-01-01', 'HYVAKSYTTY', '1', '1993-01-01', null, '-317', '08'),
    ('-319', '0', '2012-03-22', '2013-01-01', 'HYVAKSYTTY', '1', '1993-01-01', null, '-319', '09'),
    ('-321', '0', '2012-03-22', '2013-01-01', 'HYVAKSYTTY', '1', '1993-01-01', null, '-321', '10'),
    ('-323', '0', '2012-03-22', '2013-01-01', 'HYVAKSYTTY', '1', '1993-01-01', null, '-323', '11'),
    ('-325', '0', '2012-03-22', '2013-01-01', 'HYVAKSYTTY', '1', '1993-01-01', null, '-325', '12'),
    ('-327', '0', '2012-03-22', '2013-01-01', 'HYVAKSYTTY', '1', '1993-01-01', null, '-327', '13'),
    ('-329', '0', '2012-03-22', '2013-01-01', 'HYVAKSYTTY', '1', '1993-01-01', null, '-329', '14'),
    ('-331', '0', '2012-03-22', '2013-01-01', 'HYVAKSYTTY', '1', '1998-03-01', null, '-331', '15'),
    ('-333', '0', '2012-03-22', '2013-01-01', 'HYVAKSYTTY', '1', '1993-01-01', null, '-333', '16'),
    ('-335', '0', '2012-03-22', '2013-01-01', 'HYVAKSYTTY', '1', '1993-01-01', null, '-335', '17'),
    ('-337', '0', '2012-03-22', '2013-01-01', 'HYVAKSYTTY', '1', '1993-01-01', null, '-337', '18'),
    ('-339', '0', '2012-03-22', '2013-01-01', 'HYVAKSYTTY', '1', '1993-01-01', null, '-339', '19'),
    ('-341', '0', '2012-03-22', '2013-01-01', 'HYVAKSYTTY', '1', '1993-01-01', null, '-341', '21'),
    ('-343', '0', '2012-03-22', '2013-01-01', 'HYVAKSYTTY', '1', '1993-01-01', null, '-343', '99'),
    ('-367', '0', '2012-03-22', '2013-01-01', 'HYVAKSYTTY', '1', '2010-01-01', null, '-367', '1'),
    ('-369', '0', '2012-03-22', '2013-01-01', 'HYVAKSYTTY', '1', '2010-01-01', null, '-369', '2'),
    ('-371', '0', '2012-03-22', '2013-01-01', 'HYVAKSYTTY', '1', '2010-01-01', null, '-371', '3'),
    ('-373', '0', '2012-03-22', '2013-01-01', 'HYVAKSYTTY', '1', '2010-01-01', null, '-373', '4'),
    ('-375', '0', '2012-03-22', '2013-01-01', 'HYVAKSYTTY', '1', '2010-01-01', null, '-375', '5'),
    ('-377', '0', '2012-03-22', '2013-01-01', 'HYVAKSYTTY', '1', '2010-01-01', null, '-377', '6'),
    ('-379', '0', '2012-03-22', '2013-01-01', 'HYVAKSYTTY', '1', '2010-01-01', null, '-379', '7'),
    ('-381', '0', '2012-03-22', '2013-01-01', 'HYVAKSYTTY', '1', '2010-01-01', null, '-381', '9'),
    ('-410', '0', '2012-04-29', '2013-01-01', 'HYVAKSYTTY', '1', '2010-01-01', null, '-410', 'ekakoodi ver 1'),
    ('-411', '0', '2012-04-29', '2013-01-01', 'HYVAKSYTTY', '1', '2010-01-01', null, '-411', 'tokakoodi ver 1'),
    ('-412', '0', '2012-04-30', '2013-01-01', 'PASSIIVINEN', '2', '2012-04-30', null, '-410', 'ekakoodi ver 2'),
    ('-437', '0', '2012-05-11', '2013-01-01', 'HYVAKSYTTY', '1', '2012-04-01', null, '-435', 'versio 1'),
    ('-438', '0', '2012-05-11', '2013-01-01', 'HYVAKSYTTY', '2', '2012-04-03', null, '-435', 'versio 2'),
    ('-439', '0', '2012-05-11', '2013-01-01', 'HYVAKSYTTY', '3', '2012-04-05', null, '-435', 'versio 3'),
    ('-440', '0', '2012-05-11', '2013-01-01', 'HYVAKSYTTY', '4', '2012-04-07', null, '-435', 'versio 4'),
    ('-441', '0', '2012-05-11', '2013-01-01', 'HYVAKSYTTY', '5', '2012-04-09', null, '-435', 'versio 5'),
    ('-442', '0', '2012-05-11', '2013-01-01', 'HYVAKSYTTY', '6', '2012-04-11', null, '-435', 'versio 6'),
    ('-443', '0', '2012-05-11', '2013-01-01', 'HYVAKSYTTY', '7', '2012-04-13', null, '-435', 'versio 7'),
    ('-444', '0', '2012-05-11', '2013-01-01', 'HYVAKSYTTY', '8', '2012-04-15', null, '-435', 'versio 8'),
    ('-445', '0', '2012-05-11', '2013-01-01', 'HYVAKSYTTY', '9', '2012-04-17', null, '-435', 'versio 9'),
    ('-446', '0', '2012-05-11', '2013-01-01', 'HYVAKSYTTY', '10', '2012-04-19', null, '-435', 'versio 10'),
    ('-447', '0', '2012-05-11', '2013-01-01', 'LUONNOS', '11', '2012-04-21', '2012-04-23', '-435', 'versio 11'),
    ('-448', '0', '2012-05-11', '2013-01-01', 'HYVAKSYTTY', '1', '2012-04-01', null, '-436', 'versio 1'),
    ('-449', '0', '2012-05-11', '2013-01-01', 'HYVAKSYTTY', '2', '2012-04-03', null,  '-436', 'versio 2'),
    ('-450', '0', '2012-05-11', '2013-01-01', 'HYVAKSYTTY', '3', '2012-04-05', null, '-436', 'versio 3'),
    ('-451', '0', '2012-05-11', '2013-01-01', 'HYVAKSYTTY', '4', '2012-04-07', null, '-436', 'versio 4'),
    ('-452', '0', '2012-05-11', '2013-01-01', 'HYVAKSYTTY', '5', '2012-04-09', null, '-436', 'versio 5'),
    ('-453', '0', '2012-05-11', '2013-01-01', 'HYVAKSYTTY', '6', '2012-04-11', null, '-436', 'versio 6'),
    ('-454', '0', '2012-05-11', '2013-01-01', 'HYVAKSYTTY', '7', '2012-04-13', null, '-436', 'versio 7'),
    ('-455', '0', '2012-05-11', '2013-01-01', 'HYVAKSYTTY', '8', '2012-04-15', null, '-436', 'versio 8'),
    ('-456', '0', '2012-05-11', '2013-01-01', 'HYVAKSYTTY', '9', '2012-04-17', null, '-436', 'versio 9'),
    ('-457', '0', '2012-05-11', '2013-01-01', 'HYVAKSYTTY', '10', '2012-04-19', null, '-436', 'versio 10'),
    ('-458', '0', '2012-05-11', '2013-01-01', 'HYVAKSYTTY', '11', '2012-04-21', null, '-436', 'versio 11'),
    ('-459', '0', '2012-11-07', '2013-01-01', 'HYVAKSYTTY', '1', '2012-11-06', null, '-437', 'puuppa'),
    ('-460', '0', '2012-12-04', '2013-01-01', 'HYVAKSYTTY', '1', '2012-12-04', null, '-438', 'plop'),
    ('-461', '0', '2012-12-05', '2013-01-01', 'HYVAKSYTTY', '1', '2012-12-03', '2012-12-04', '-439', '1'),
    ('-462', '0', '2012-12-05', '2013-01-01', 'LUONNOS', '1', '2012-12-03', '2012-12-06', '-440', '2'),
    ('-463', '0', '2012-12-05', '2013-01-01', 'HYVAKSYTTY', '1', '2012-12-03', '2012-12-06', '-441', '3'),
    ('-464', '0', '2013-03-15', '2013-01-01', 'HYVAKSYTTY', '1', '2013-03-15', null, '-442', '3'),
    ('-465', '0', '2013-03-15', '2013-01-01', 'HYVAKSYTTY', '1', '2013-03-15', null, '-443', '4'),
    ('-466', '0', '2013-03-15', '2013-01-01', 'PASSIIVINEN', '1', '2013-03-15', null, '-444', '4'),
    ('-467', '0', '2013-03-18', '2013-01-01', 'HYVAKSYTTY', '1', '2013-03-18', null, '-445', '5'),
    ('-468', '0', '2013-03-18', '2013-01-01', 'HYVAKSYTTY', '1', '2013-03-18', null, '-446', '6'),
    ('-469', '0', '2013-03-18', '2013-01-01', 'HYVAKSYTTY', '1', '2013-03-18', null, '-447', '7'),
    ('-470', '0', '2013-03-18', '2013-01-01', 'HYVAKSYTTY', '1', '2013-03-18', null, '-448', '8'),
    ('-471', '0', '2013-03-18', '2013-01-01', 'HYVAKSYTTY', '1', '2013-03-18', null, '-449', '9'),
    ('-472', '0', '2013-03-18', '2013-01-01', 'LUONNOS', '1', '2013-03-18', null, '-450', '10'),
    ('-473', '0', '2013-03-19', '2013-01-01', 'LUONNOS', '1', '2013-03-19', null, '-451', '11'),
    ('-474', '0', '2013-03-19', '2013-01-01', 'LUONNOS', '1', '2013-03-19', null, '-452', '12'),
    ('-475', '0', '2013-03-19', '2013-01-01', 'HYVAKSYTTY', '1', '2013-03-19', null, '-453', '13'),
    ('-476', '0', '2013-03-19', '2013-01-01', 'HYVAKSYTTY', '1', '2013-03-17', null, '-454', '14'),
    ('-477', '0', '2013-03-19', '2013-01-01', 'LUONNOS', '2', '2013-03-19', null, '-454', '14'),
    ('-478', '0', '2013-03-21', '2013-01-01', 'HYVAKSYTTY', '1', '2013-03-17', null, '-455', '15'),
    ('-479', '0', '2013-03-21', '2013-01-01', 'HYVAKSYTTY', '2', '2013-03-17', null, '-455', '15'),
    ('-480', '0', '2013-03-21', '2013-01-01', 'HYVAKSYTTY', '4', '2013-03-21', null, '-455', '15'),
    ('-481', '0', '2013-03-21', '2013-01-01', 'HYVAKSYTTY', '1', '2013-03-21', null, '-456', '001'),
    ('-482', '0', '2013-03-21', '2013-01-01', 'LUONNOS', '1', '2013-03-21', null, '-457', '002'),
    ('-483', '0', '2013-03-21', '2013-01-01', 'HYVAKSYTTY', '1', '2013-03-21', null, '-458', '001'),
    ('-484', '0', '2013-03-21', '2013-01-01', 'LUONNOS', '1', '2013-03-21', null, '-459', '002'),
    ('-485', '0', '2013-03-26', '2013-01-01', 'HYVAKSYTTY', '1', '2013-03-26', null, '-460', '17'),
    ('-486', '0', '2013-04-02', '2013-01-01', 'HYVAKSYTTY', '1', '2013-04-02', null, '-461', '18'),
    ('-487', '0', '2013-04-02', '2013-01-01', 'HYVAKSYTTY', '1', '2013-04-02', null, '-462', '19'),
    ('-488', '0', '2013-04-02', '2013-01-01', 'HYVAKSYTTY', '1', '2013-04-02', null, '-463', '20'),
    ('-489', '0', '2013-04-02', '2013-01-01', 'HYVAKSYTTY', '1', '2013-04-02', null, '-464', '21'),
    ('-490', '0', '2013-04-02', '2013-01-01', 'HYVAKSYTTY', '1', '2013-04-02', null, '-465', '22'),
    ('-491', '0', '2013-04-03', '2013-01-01', 'HYVAKSYTTY', '1', '2013-04-03', null, '-466', '23'),
    ('-492', '0', '2013-04-03', '2013-01-01', 'HYVAKSYTTY', '1', '2013-04-03', null, '-467', '24'),
    ('-493', '0', '2013-04-03', '2013-01-01', 'HYVAKSYTTY', '1', '2013-04-03', null, '-468', '25'),
    ('-494', '0', '2013-04-03', '2013-01-01', 'HYVAKSYTTY', '1', '2013-04-03', null, '-469', '26'),
    ('-495', '0', '2013-04-08', '2013-01-01', 'PASSIIVINEN', '1', '2013-04-08', null, '-470', '27'),
    ('-496', '0', '2013-04-11', '2013-01-01', 'HYVAKSYTTY', '1', '2013-04-10', '2013-04-11', '-471', '28'),
    ('-497', '0', '2013-04-11', '2013-01-01', 'LUONNOS', '2', '2013-04-11', null, '-471', '28'),
    ('-498', '0', '2013-04-11', '2013-01-01', 'LUONNOS', '1', '2013-04-11', null, '-472', '29'),
    ('-499', '0', '2013-04-15', '2013-01-01', 'HYVAKSYTTY', '1', '2013-04-15', null, '-473', '30'),
    ('-500', '0', '2013-04-15', '2013-01-01', 'HYVAKSYTTY', '1', '2013-04-15', null, '-474', '31'),
    ('-501', '0', '2013-04-15', '2013-01-01', 'HYVAKSYTTY', '1', '2013-04-11', null, '-475', '32'),
    ('-502', '0', '2013-08-13', '2013-01-01', 'HYVAKSYTTY', '1', '2013-04-15', null, '-476', '666'),
    ('-503', '0', '2013-08-13', '2013-01-01', 'PASSIIVINEN', '2', '2013-04-11', null, '-476', '666'),
    ('-504', '0', '2013-08-13', '2013-01-01', 'HYVAKSYTTY', '1', '2013-04-15', null, '-477', '777'),
    ('-505', '0', '2013-08-13', '2013-01-01', 'PASSIIVINEN', '2', '2013-04-11', null, '-477', '777'),
    ('-506', '0', '2013-08-13', '2013-01-01', 'HYVAKSYTTY', '1', '2013-04-15', null, '-478', '666'),
    ('-600', '0', '2013-08-13', '2013-01-01', 'HYVAKSYTTY', '1', '2013-04-14', null, '-500', '999'),
    ('-700', '0', '2013-08-13', '2013-01-01', 'HYVAKSYTTY', '1', '2013-04-14', null, '-700', 'wanha'),
    ('-701', '0', '2013-08-13', '2013-01-01', 'HYVAKSYTTY', '1', '2013-04-14', null, '-701', 'wanha'),
    ('-702', '0', '2013-08-13', '2013-01-01', 'HYVAKSYTTY', '2', '2013-04-14', null, '-701', 'wanha'),
    ('-703', '0', '2013-08-13', '2013-01-01', 'HYVAKSYTTY', '1', '2013-04-14', null, '-702', 'wanha2'),
    ('-704', '0', '2013-08-13', '2013-01-01', 'HYVAKSYTTY', '2', '2013-04-14', null, '-702', 'wanha2'),
    ('-705', '0', '2013-08-13', '2013-01-01', 'HYVAKSYTTY', '1', '2013-04-14', null, '-703', 'wanha3'),
    ('-706', '0', '2013-08-13', '2013-01-01', 'HYVAKSYTTY', '1', '2013-04-14', null, '-704', 'tamansuhdepassivoidaan'),
    ('-707', '0', '2013-08-13', '2013-01-01', 'HYVAKSYTTY', '2', '2013-04-14', null, '-704', 'tamahyvaksytaan'),
    ('-708', '0', '2013-08-13', '2013-01-01', 'HYVAKSYTTY', '1', '2013-04-14', null, '-705', 'sisaltyy706ja707'),
    ('-709', '0', '2013-08-13', '2013-01-01', 'HYVAKSYTTY', '1', '2013-04-14', null, '-706', 'passiivinensuhdeeikopioidu'),
    ('-1000', '0', '2013-08-13', '2013-01-01', 'HYVAKSYTTY', '1', '2013-04-14', null, '-1000', 'wanhasuhdeaktivoituu'),
    ('-1001', '0', '2014-08-13', '2014-01-01', 'PASSIIVINEN', '2', '2014-04-14', null, '-1000', 'tamapoistetaan'),
    ('-1002', '0', '2013-08-13', '2013-01-01', 'LUONNOS', '1', '2013-04-14', null, '-1001', 'tonnillasuhdetahan');

INSERT INTO koodimetadata (id,kieli,nimi,version,koodiversio_id,lyhytnimi,kuvaus)
VALUES
    ('-4', 'FI', 'Alajärvi', '0', '-3', 'Alajärvi', 'Alajärvi'),
    ('-6', 'FI', 'Alavieska', '0', '-5', 'Alavieska', 'Alavieska'),
    ('-8', 'FI', 'Alavus', '0', '-7', 'Alavus', 'Alavus'),
    ('-10', 'FI', 'Asikkala', '0', '-9', 'Asikkala', 'Asikkala'),
    ('-12', 'FI', 'Askola', '0', '-11', 'Askola', 'Askola'),
    ('-14', 'FI', 'Aura', '0', '-13', 'Aura', 'Aura'),
    ('-16', 'FI', 'Akaa', '0', '-15', 'Akaa', 'Akaa'),
    ('-18', 'FI', 'Brändö', '0', '-17', 'Brändö', 'Brändö'),
    ('-20', 'FI', 'Eckerö', '0', '-19', 'Eckerö', 'Eckerö'),
    ('-22', 'FI', 'Enonkoski', '0', '-21', 'Enonkoski', 'Enonkoski'),
    ('-24', 'FI', 'Enontekiö', '0', '-23', 'Enontekiö', 'Enontekiö'),
    ('-26', 'FI', 'Espoo', '0', '-25', 'Espoo', 'Espoo'),
    ('-28', 'FI', 'Eura', '0', '-27', 'Eura', 'Eura'),
    ('-30', 'FI', 'Eurajoki', '0', '-29', 'Eurajoki', 'Eurajoki'),
    ('-32', 'FI', 'Evijärvi', '0', '-31', 'Evijärvi', 'Evijärvi'),
    ('-34', 'FI', 'Finström', '0', '-33', 'Finström', 'Finström'),
    ('-36', 'FI', 'Forssa', '0', '-35', 'Forssa', 'Forssa'),
    ('-38', 'FI', 'Föglö', '0', '-37', 'Föglö', 'Föglö'),
    ('-40', 'FI', 'Geta', '0', '-39', 'Geta', 'Geta'),
    ('-42', 'FI', 'Haapajärvi', '0', '-41', 'Haapajärvi', 'Haapajärvi'),
    ('-44', 'FI', 'Haapavesi', '0', '-43', 'Haapavesi', 'Haapavesi'),
    ('-46', 'FI', 'Hailuoto', '0', '-45', 'Hailuoto', 'Hailuoto'),
    ('-48', 'FI', 'Halsua', '0', '-47', 'Halsua', 'Halsua'),
    ('-50', 'FI', 'Hamina', '0', '-49', 'Hamina', 'Hamina'),
    ('-52', 'FI', 'Hammarland', '0', '-51', 'Hammarland', 'Hammarland'),
    ('-54', 'FI', 'Hankasalmi', '0', '-53', 'Hankasalmi', 'Hankasalmi'),
    ('-56', 'FI', 'Hanko', '0', '-55', 'Hanko', 'Hanko'),
    ('-58', 'FI', 'Harjavalta', '0', '-57', 'Harjavalta', 'Harjavalta'),
    ('-60', 'FI', 'Hartola', '0', '-59', 'Hartola', 'Hartola'),
    ('-62', 'FI', 'Hattula', '0', '-61', 'Hattula', 'Hattula'),
    ('-64', 'FI', 'Haukipudas', '0', '-63', 'Haukipudas', 'Haukipudas'),
    ('-66', 'FI', 'Hausjärvi', '0', '-65', 'Hausjärvi', 'Hausjärvi'),
    ('-68', 'FI', 'Heinävesi', '0', '-67', 'Heinävesi', 'Heinävesi'),
    ('-70', 'FI', 'Helsinki', '0', '-69', 'Helsinki', 'Helsinki'),
    ('-72', 'FI', 'Vantaa', '0', '-71', 'Vantaa', 'Vantaa'),
    ('-74', 'FI', 'Hirvensalmi', '0', '-73', 'Hirvensalmi', 'Hirvensalmi'),
    ('-76', 'FI', 'Hollola', '0', '-75', 'Hollola', 'Hollola'),
    ('-78', 'FI', 'Honkajoki', '0', '-77', 'Honkajoki', 'Honkajoki'),
    ('-80', 'FI', 'Huittinen', '0', '-79', 'Huittinen', 'Huittinen'),
    ('-82', 'FI', 'Humppila', '0', '-81', 'Humppila', 'Humppila'),
    ('-84', 'FI', 'Hyrynsalmi', '0', '-83', 'Hyrynsalmi', 'Hyrynsalmi'),
    ('-86', 'FI', 'Hyvinkää', '0', '-85', 'Hyvinkää', 'Hyvinkää'),
    ('-88', 'FI', 'Hämeenkyrö', '0', '-87', 'Hämeenkyrö', 'Hämeenkyrö'),
    ('-90', 'FI', 'Hämeenlinna', '0', '-89', 'Hämeenlinna', 'Hämeenlinna'),
    ('-92', 'FI', 'Heinola', '0', '-91', 'Heinola', 'Heinola'),
    ('-94', 'FI', 'Ii', '0', '-93', 'Ii', 'Ii'),
    ('-96', 'FI', 'Iisalmi', '0', '-95', 'Iisalmi', 'Iisalmi'),
    ('-98', 'FI', 'Iitti', '0', '-97', 'Iitti', 'Iitti'),
    ('-100', 'FI', 'Ikaalinen', '0', '-99', 'Ikaalinen', 'Ikaalinen'),
    ('-102', 'FI', 'Ilmajoki', '0', '-101', 'Ilmajoki', 'Ilmajoki'),
    ('-104', 'FI', 'Ilomantsi', '0', '-103', 'Ilomantsi', 'Ilomantsi'),
    ('-106', 'FI', 'Inari', '0', '-105', 'Inari', 'Inari'),
    ('-108', 'FI', 'Inkoo', '0', '-107', 'Inkoo', 'Inkoo'),
    ('-110', 'FI', 'Isojoki', '0', '-109', 'Isojoki', 'Isojoki'),
    ('-112', 'FI', 'Isokyrö', '0', '-111', 'Isokyrö', 'Isokyrö'),
    ('-114', 'FI', 'Imatra', '0', '-113', 'Imatra', 'Imatra'),
    ('-116', 'FI', 'Jalasjärvi', '0', '-115', 'Jalasjärvi', 'Jalasjärvi'),
    ('-118', 'FI', 'Janakkala', '0', '-117', 'Janakkala', 'Janakkala'),
    ('-120', 'FI', 'Joensuu', '0', '-119', 'Joensuu', 'Joensuu'),
    ('-122', 'FI', 'Jokioinen', '0', '-121', 'Jokioinen', 'Jokioinen'),
    ('-124', 'FI', 'Jomala', '0', '-123', 'Jomala', 'Jomala'),
    ('-126', 'FI', 'Joroinen', '0', '-125', 'Joroinen', 'Joroinen'),
    ('-128', 'FI', 'Joutsa', '0', '-127', 'Joutsa', 'Joutsa'),
    ('-130', 'FI', 'Juankoski', '0', '-129', 'Juankoski', 'Juankoski'),
    ('-132', 'FI', 'Juuka', '0', '-131', 'Juuka', 'Juuka'),
    ('-134', 'FI', 'Juupajoki', '0', '-133', 'Juupajoki', 'Juupajoki'),
    ('-136', 'FI', 'Juva', '0', '-135', 'Juva', 'Juva'),
    ('-138', 'FI', 'Jyväskylä', '0', '-137', 'Jyväskylä', 'Jyväskylä'),
    ('-140', 'FI', 'Jämijärvi', '0', '-139', 'Jämijärvi', 'Jämijärvi'),
    ('-142', 'FI', 'Jämsä', '0', '-141', 'Jämsä', 'Jämsä'),
    ('-144', 'FI', 'Järvenpää', '0', '-143', 'Järvenpää', 'Järvenpää'),
    ('-146', 'FI', 'Ulkomaa', '0', '-145', 'Ulkomaa', 'Ulkomaa'),
    ('-148', 'FI', 'Kaarina', '0', '-147', 'Kaarina', 'Kaarina'),
    ('-150', 'FI', 'Kaavi', '0', '-149', 'Kaavi', 'Kaavi'),
    ('-152', 'FI', 'Kajaani', '0', '-151', 'Kajaani', 'Kajaani'),
    ('-154', 'FI', 'Kalajoki', '0', '-153', 'Kalajoki', 'Kalajoki'),
    ('-156', 'FI', 'Kangasala', '0', '-155', 'Kangasala', 'Kangasala'),
    ('-158', 'FI', 'Kangasniemi', '0', '-157', 'Kangasniemi', 'Kangasniemi'),
    ('-160', 'FI', 'Kankaanpää', '0', '-159', 'Kankaanpää', 'Kankaanpää'),
    ('-162', 'FI', 'Kannonkoski', '0', '-161', 'Kannonkoski', 'Kannonkoski'),
    ('-164', 'FI', 'Kannus', '0', '-163', 'Kannus', 'Kannus'),
    ('-166', 'FI', 'Karijoki', '0', '-165', 'Karijoki', 'Karijoki'),
    ('-168', 'FI', 'Karjalohja', '0', '-167', 'Karjalohja', 'Karjalohja'),
    ('-170', 'FI', 'Karkkila', '0', '-169', 'Karkkila', 'Karkkila'),
    ('-172', 'FI', 'Karstula', '0', '-171', 'Karstula', 'Karstula'),
    ('-174', 'FI', 'Karvia', '0', '-173', 'Karvia', 'Karvia'),
    ('-176', 'FI', 'Kaskinen', '0', '-175', 'Kaskinen', 'Kaskinen'),
    ('-178', 'FI', 'Kauhajoki', '0', '-177', 'Kauhajoki', 'Kauhajoki'),
    ('-180', 'FI', 'Kauhava', '0', '-179', 'Kauhava', 'Kauhava'),
    ('-182', 'FI', 'Kauniainen', '0', '-181', 'Kauniainen', 'Kauniainen'),
    ('-184', 'FI', 'Kaustinen', '0', '-183', 'Kaustinen', 'Kaustinen'),
    ('-186', 'FI', 'Keitele', '0', '-185', 'Keitele', 'Keitele'),
    ('-188', 'FI', 'Kemi', '0', '-187', 'Kemi', 'Kemi'),
    ('-190', 'FI', 'Keminmaa', '0', '-189', 'Keminmaa', 'Keminmaa'),
    ('-192', 'FI', 'Kempele', '0', '-191', 'Kempele', 'Kempele'),
    ('-194', 'FI', 'Kerava', '0', '-193', 'Kerava', 'Kerava'),
    ('-196', 'FI', 'Kerimäki', '0', '-195', 'Kerimäki', 'Kerimäki'),
    ('-198', 'FI', 'Kesälahti', '0', '-197', 'Kesälahti', 'Kesälahti'),
    ('-200', 'FI', 'Keuruu', '0', '-199', 'Keuruu', 'Keuruu'),
    ('-202', 'FI', 'Kihniö', '0', '-201', 'Kihniö', 'Kihniö'),
    ('-203', 'SV', 'Alajärvi', '0', '-3', 'Alajärvi', 'Alajärvi'),
    ('-204', 'SV', 'Alavieska', '0', '-5', 'Alavieska', 'Alavieska'),
    ('-205', 'SV', 'Alavo', '0', '-7', 'Alavo', 'Alavo'),
    ('-206', 'SV', 'Asikkala', '0', '-9', 'Asikkala', 'Asikkala'),
    ('-207', 'SV', 'Askola', '0', '-11', 'Askola', 'Askola'),
    ('-208', 'SV', 'Aura', '0', '-13', 'Aura', 'Aura'),
    ('-209', 'SV', 'Akaa', '0', '-15', 'Akaa', 'Akaa'),
    ('-210', 'SV', 'Brändö', '0', '-17', 'Brändö', 'Brändö'),
    ('-211', 'SV', 'Eckerö', '0', '-19', 'Eckerö', 'Eckerö'),
    ('-212', 'SV', 'Enonkoski', '0', '-21', 'Enonkoski', 'Enonkoski'),
    ('-213', 'SV', 'Enontekis', '0', '-23', 'Enontekis', 'Enontekis'),
    ('-214', 'SV', 'Esbo', '0', '-25', 'Esbo', 'Esbo'),
    ('-215', 'SV', 'Eura', '0', '-27', 'Eura', 'Eura'),
    ('-216', 'SV', 'Euraåminne', '0', '-29', 'Euraåminne', 'Euraåminne'),
    ('-217', 'SV', 'Evijärvi', '0', '-31', 'Evijärvi', 'Evijärvi'),
    ('-218', 'SV', 'Finström', '0', '-33', 'Finström', 'Finström'),
    ('-219', 'SV', 'Forssa', '0', '-35', 'Forssa', 'Forssa'),
    ('-220', 'SV', 'Föglö', '0', '-37', 'Föglö', 'Föglö'),
    ('-221', 'SV', 'Geta', '0', '-39', 'Geta', 'Geta'),
    ('-222', 'SV', 'Haapajärvi', '0', '-41', 'Haapajärvi', 'Haapajärvi'),
    ('-223', 'SV', 'Haapavesi', '0', '-43', 'Haapavesi', 'Haapavesi'),
    ('-224', 'SV', 'Karlö', '0', '-45', 'Karlö', 'Karlö'),
    ('-225', 'SV', 'Halsua', '0', '-47', 'Halsua', 'Halsua'),
    ('-226', 'SV', 'Fredrikshamn', '0', '-49', 'Fredrikshamn', 'Fredrikshamn'),
    ('-227', 'SV', 'Hammarland', '0', '-51', 'Hammarland', 'Hammarland'),
    ('-228', 'SV', 'Hankasalmi', '0', '-53', 'Hankasalmi', 'Hankasalmi'),
    ('-229', 'SV', 'Hangö', '0', '-55', 'Hangö', 'Hangö'),
    ('-230', 'SV', 'Harjavalta', '0', '-57', 'Harjavalta', 'Harjavalta'),
    ('-231', 'SV', 'Hartola', '0', '-59', 'Hartola', 'Hartola'),
    ('-232', 'SV', 'Hattula', '0', '-61', 'Hattula', 'Hattula'),
    ('-233', 'SV', 'Haukipudas', '0', '-63', 'Haukipudas', 'Haukipudas'),
    ('-234', 'SV', 'Hausjärvi', '0', '-65', 'Hausjärvi', 'Hausjärvi'),
    ('-235', 'SV', 'Heinävesi', '0', '-67', 'Heinävesi', 'Heinävesi'),
    ('-236', 'SV', 'Helsingfors', '0', '-69', 'Helsingfors', 'Helsingfors'),
    ('-237', 'SV', 'Vanda', '0', '-71', 'Vanda', 'Vanda'),
    ('-238', 'SV', 'Hirvensalmi', '0', '-73', 'Hirvensalmi', 'Hirvensalmi'),
    ('-239', 'SV', 'Hollola', '0', '-75', 'Hollola', 'Hollola'),
    ('-240', 'SV', 'Honkajoki', '0', '-77', 'Honkajoki', 'Honkajoki'),
    ('-241', 'SV', 'Huittinen', '0', '-79', 'Huittinen', 'Huittinen'),
    ('-242', 'SV', 'Humppila', '0', '-81', 'Humppila', 'Humppila'),
    ('-243', 'SV', 'Hyrynsalmi', '0', '-83', 'Hyrynsalmi', 'Hyrynsalmi'),
    ('-244', 'SV', 'Hyvinge', '0', '-85', 'Hyvinge', 'Hyvinge'),
    ('-245', 'SV', 'Tavastkyro', '0', '-87', 'Tavastkyro', 'Tavastkyro'),
    ('-246', 'SV', 'Tavastehus', '0', '-89', 'Tavastehus', 'Tavastehus'),
    ('-247', 'SV', 'Heinola', '0', '-91', 'Heinola', 'Heinola'),
    ('-248', 'SV', 'Ii', '0', '-93', 'Ii', 'Ii'),
    ('-249', 'SV', 'Idensalmi', '0', '-95', 'Idensalmi', 'Idensalmi'),
    ('-250', 'SV', 'Iitti', '0', '-97', 'Iitti', 'Iitti'),
    ('-251', 'SV', 'Ikalis', '0', '-99', 'Ikalis', 'Ikalis'),
    ('-252', 'SV', 'Ilmajoki', '0', '-101', 'Ilmajoki', 'Ilmajoki'),
    ('-253', 'SV', 'Ilomants', '0', '-103', 'Ilomants', 'Ilomants'),
    ('-254', 'SV', 'Enare', '0', '-105', 'Enare', 'Enare'),
    ('-255', 'SV', 'Ingå', '0', '-107', 'Ingå', 'Ingå'),
    ('-256', 'SV', 'Storå', '0', '-109', 'Storå', 'Storå'),
    ('-257', 'SV', 'Storkyro', '0', '-111', 'Storkyro', 'Storkyro'),
    ('-258', 'SV', 'Imatra', '0', '-113', 'Imatra', 'Imatra'),
    ('-259', 'SV', 'Jalasjärvi', '0', '-115', 'Jalasjärvi', 'Jalasjärvi'),
    ('-260', 'SV', 'Janakkala', '0', '-117', 'Janakkala', 'Janakkala'),
    ('-261', 'SV', 'Joensuu', '0', '-119', 'Joensuu', 'Joensuu'),
    ('-262', 'SV', 'Jokioinen', '0', '-121', 'Jokioinen', 'Jokioinen'),
    ('-263', 'SV', 'Jomala', '0', '-123', 'Jomala', 'Jomala'),
    ('-264', 'SV', 'Jorois', '0', '-125', 'Jorois', 'Jorois'),
    ('-265', 'SV', 'Joutsa', '0', '-127', 'Joutsa', 'Joutsa'),
    ('-266', 'SV', 'Juankoski', '0', '-129', 'Juankoski', 'Juankoski'),
    ('-267', 'SV', 'Juuka', '0', '-131', 'Juuka', 'Juuka'),
    ('-268', 'SV', 'Juupajoki', '0', '-133', 'Juupajoki', 'Juupajoki'),
    ('-269', 'SV', 'Juva', '0', '-135', 'Juva', 'Juva'),
    ('-270', 'SV', 'Jyväskylä', '0', '-137', 'Jyväskylä', 'Jyväskylä'),
    ('-271', 'SV', 'Jämijärvi', '0', '-139', 'Jämijärvi', 'Jämijärvi'),
    ('-272', 'SV', 'Jämsä', '0', '-141', 'Jämsä', 'Jämsä'),
    ('-273', 'SV', 'Träskända', '0', '-143', 'Träskända', 'Träskända'),
    ('-274', 'SV', 'Utlandet', '0', '-145', 'Utlandet', 'Utlandet'),
    ('-275', 'SV', 'St Karins', '0', '-147', 'St Karins', 'St Karins'),
    ('-276', 'SV', 'Kaavi', '0', '-149', 'Kaavi', 'Kaavi'),
    ('-277', 'SV', 'Kajana', '0', '-151', 'Kajana', 'Kajana'),
    ('-278', 'SV', 'Kalajoki', '0', '-153', 'Kalajoki', 'Kalajoki'),
    ('-279', 'SV', 'Kangasala', '0', '-155', 'Kangasala', 'Kangasala'),
    ('-280', 'SV', 'Kangasniemi', '0', '-157', 'Kangasniemi', 'Kangasniemi'),
    ('-281', 'SV', 'Kankaanpää', '0', '-159', 'Kankaanpää', 'Kankaanpää'),
    ('-282', 'SV', 'Kannonkoski', '0', '-161', 'Kannonkoski', 'Kannonkoski'),
    ('-283', 'SV', 'Kannus', '0', '-163', 'Kannus', 'Kannus'),
    ('-284', 'SV', 'Bötom', '0', '-165', 'Bötom', 'Bötom'),
    ('-285', 'SV', 'Karislojo', '0', '-167', 'Karislojo', 'Karislojo'),
    ('-286', 'SV', 'Högfors', '0', '-169', 'Högfors', 'Högfors'),
    ('-287', 'SV', 'Karstula', '0', '-171', 'Karstula', 'Karstula'),
    ('-288', 'SV', 'Karvia', '0', '-173', 'Karvia', 'Karvia'),
    ('-289', 'SV', 'Kaskö', '0', '-175', 'Kaskö', 'Kaskö'),
    ('-290', 'SV', 'Kauhajoki', '0', '-177', 'Kauhajoki', 'Kauhajoki'),
    ('-291', 'SV', 'Kauhava', '0', '-179', 'Kauhava', 'Kauhava'),
    ('-292', 'SV', 'Grankulla', '0', '-181', 'Grankulla', 'Grankulla'),
    ('-293', 'SV', 'Kaustby', '0', '-183', 'Kaustby', 'Kaustby'),
    ('-294', 'SV', 'Keitele', '0', '-185', 'Keitele', 'Keitele'),
    ('-295', 'SV', 'Kemi', '0', '-187', 'Kemi', 'Kemi'),
    ('-296', 'SV', 'Keminmaa', '0', '-189', 'Keminmaa', 'Keminmaa'),
    ('-297', 'SV', 'Kempele', '0', '-191', 'Kempele', 'Kempele'),
    ('-298', 'SV', 'Kervo', '0', '-193', 'Kervo', 'Kervo'),
    ('-299', 'SV', 'Kerimäki', '0', '-195', 'Kerimäki', 'Kerimäki'),
    ('-300', 'SV', 'Kesälahti', '0', '-197', 'Kesälahti', 'Kesälahti'),
    ('-301', 'SV', 'Keuruu', '0', '-199', 'Keuruu', 'Keuruu'),
    ('-302', 'SV', 'Kihniö', '0', '-201', 'Kihniö', 'Kihniö'),
    ('-306', 'FI', 'Uusimaa', '0', '-305', 'Uusimaa', 'Uusimaa'),
    ('-308', 'FI', 'Varsinais-Suomi', '0', '-307', 'Varsinais-Suomi', 'Varsinais-Suomi'),
    ('-310', 'FI', 'Satakunta', '0', '-309', 'Satakunta', 'Satakunta'),
    ('-312', 'FI', 'Kanta-Häme', '0', '-311', 'Kanta-Häme', 'Kanta-Häme'),
    ('-314', 'FI', 'Pirkanmaa', '0', '-313', 'Pirkanmaa', 'Pirkanmaa'),
    ('-316', 'FI', 'Päijät-Häme', '0', '-315', 'Päijät-Häme', 'Päijät-Häme'),
    ('-318', 'FI', 'Kymenlaakso', '0', '-317', 'Kymenlaakso', 'Kymenlaakso'),
    ('-320', 'FI', 'Etelä-Karjala', '0', '-319', 'Etelä-Karjala', 'Etelä-Karjala'),
    ('-322', 'FI', 'Etelä-Savo', '0', '-321', 'Etelä-Savo', 'Etelä-Savo'),
    ('-324', 'FI', 'Pohjois-Savo', '0', '-323', 'Pohjois-Savo', 'Pohjois-Savo'),
    ('-326', 'FI', 'Pohjois-Karjala', '0', '-325', 'Pohjois-Karjala', 'Pohjois-Karjala'),
    ('-328', 'FI', 'Keski-Suomi', '0', '-327', 'Keski-Suomi', 'Keski-Suomi'),
    ('-330', 'FI', 'Etelä-Pohjanmaa', '0', '-329', 'Etelä-Pohjanmaa', 'Etelä-Pohjanmaa'),
    ('-332', 'FI', 'Pohjanmaa', '0', '-331', 'Pohjanmaa', 'Pohjanmaa'),
    ('-334', 'FI', 'Keski-Pohjanmaa', '0', '-333', 'Keski-Pohjanmaa', 'Keski-Pohjanmaa'),
    ('-336', 'FI', 'Pohjois-Pohjanmaa', '0', '-335', 'Pohjois-Pohjanmaa', 'Pohjois-Pohjanmaa'),
    ('-338', 'FI', 'Kainuu', '0', '-337', 'Kainuu', 'Kainuu'),
    ('-340', 'FI', 'Lappi', '0', '-339', 'Lappi', 'Lappi'),
    ('-342', 'FI', 'Ahvenanmaa', '0', '-341', 'Ahvenanmaa', 'Ahvenanmaa'),
    ('-344', 'FI', 'Ei tiedossa (maakunta)', '0', '-343', 'Ei tiedossa (maakunta)', 'Ei tiedossa (maakunta)'),
    ('-345', 'SV', 'Nyland', '0', '-305', 'Nyland', 'Nyland'),
    ('-346', 'SV', 'Egentliga Finland', '0', '-307', 'Egentliga Finland', 'Egentliga Finland'),
    ('-347', 'SV', 'Satakunta', '0', '-309', 'Satakunta', 'Satakunta'),
    ('-348', 'SV', 'Egentliga Tavastland', '0', '-311', 'Egentliga Tavastland', 'Egentliga Tavastland'),
    ('-349', 'SV', 'Birkaland', '0', '-313', 'Birkaland', 'Birkaland'),
    ('-350', 'SV', 'Päijänne-Tavastland', '0', '-315', 'Päijänne-Tavastland', 'Päijänne-Tavastland'),
    ('-351', 'SV', 'Kymmenedalen', '0', '-317', 'Kymmenedalen', 'Kymmenedalen'),
    ('-352', 'SV', 'Södra Karelen', '0', '-319', 'Södra Karelen', 'Södra Karelen'),
    ('-353', 'SV', 'Södra Savolax', '0', '-321', 'Södra Savolax', 'Södra Savolax'),
    ('-354', 'SV', 'Norra Savolax', '0', '-323', 'Norra Savolax', 'Norra Savolax'),
    ('-355', 'SV', 'Norra Karelen', '0', '-325', 'Norra Karelen', 'Norra Karelen'),
    ('-356', 'SV', 'Mellersta Finland', '0', '-327', 'Mellersta Finland', 'Mellersta Finland'),
    ('-357', 'SV', 'Södra Österbotten', '0', '-329', 'Södra Österbotten', 'Södra Österbotten'),
    ('-358', 'SV', 'Österbotten', '0', '-331', 'Österbotten', 'Österbotten'),
    ('-359', 'SV', 'Mellersta Österbotten', '0', '-333', 'Mellersta Österbotten', 'Mellersta Österbotten'),
    ('-360', 'SV', 'Norra Österbotten', '0', '-335', 'Norra Österbotten', 'Norra Österbotten'),
    ('-361', 'SV', 'Kajanaland', '0', '-337', 'Kajanaland', 'Kajanaland'),
    ('-362', 'SV', 'Lappland', '0', '-339', 'Lappland', 'Lappland'),
    ('-363', 'SV', 'Åland', '0', '-341', 'Åland', 'Åland'),
    ('-364', 'SV', 'Okänt landskap', '0', '-343', 'Okänt landskap', 'Okänt landskap'),
    ('-368', 'FI', 'Etelä-Suomen AVI', '0', '-367', 'Etelä-Suomen AVI', 'Etelä-Suomen AVI'),
    ('-370', 'FI', 'Lounais-Suomen AVI', '0', '-369', 'Lounais-Suomen AVI', 'Lounais-Suomen AVI'),
    ('-372', 'FI', 'Itä-Suomen AVI', '0', '-371', 'Itä-Suomen AVI', 'Itä-Suomen AVI'),
    ('-374', 'FI', 'Länsi- ja Sisä-Suomen AVI', '0', '-373', 'Länsi- ja Sisä-Suomen AVI', 'Länsi- ja Sisä-Suomen AVI'),
    ('-376', 'FI', 'Pohjois-Suomen AVI', '0', '-375', 'Pohjois-Suomen AVI', 'Pohjois-Suomen AVI'),
    ('-378', 'FI', 'Lapin AVI', '0', '-377', 'Lapin AVI', 'Lapin AVI'),
    ('-380', 'FI', 'Ahvenanmaan valtionvirasto', '0', '-379', 'Ahvenanmaan valtionvirasto', 'Ahvenanmaan valtionvirasto'),
    ('-382', 'FI', 'Ei tiedossa (AVI)', '0', '-381', 'Ei tiedossa (AVI)', 'Ei tiedossa (AVI)'),
    ('-384', 'SV', 'Södra Finlands RFV', '0', '-367', 'Södra Finlands RFV', 'Södra Finlands RFV'),
    ('-385', 'SV', 'Sydvästra Finlands RFV', '0', '-369', 'Sydvästra Finlands RFV', 'Sydvästra Finlands RFV'),
    ('-386', 'SV', 'Östra Finlands RFV', '0', '-371', 'Östra Finlands RFV', 'Östra Finlands RFV'),
    ('-387', 'SV', 'Västra och Inre Finlands RFV', '0', '-373', 'Västra och Inre Finlands RFV', 'Västra och Inre Finlands RFV'),
    ('-388', 'SV', 'Norra Finlands RFV', '0', '-375', 'Norra Finlands RFV', 'Norra Finlands RFV'),
    ('-389', 'SV', 'Lapin AVI', '0', '-377', 'Lapin AVI', 'Lapin AVI'),
    ('-390', 'SV', 'Statens ämbetsverk på Åland', '0', '-379', 'Statens ämbetsverk på Åland', 'Statens ämbetsverk på Åland'),
    ('-391', 'SV', 'Okänt (RFV)', '0', '-381', 'Okänt (RFV)', 'Okänt (RFV)'),
    ('-414', 'FI', 'ekakoodi FI - ver 1', '0', '-410', 'ekakoodi FI - ver 1', 'ekakoodi FI - ver 1'),
    ('-415', 'SV', 'ekakoodi SV - ver 1', '0', '-410', 'ekakoodi SV - ver 1', 'ekakoodi SV - ver 1'),
    ('-416', 'FI', 'tokakoodi FI - ver 1', '0', '-411', 'tokakoodi FI - ver 1', 'tokakoodi FI - ver 1'),
    ('-417', 'SV', 'tokakoodi SV - ver 1', '0', '-411', 'tokakoodi SV - ver 1', 'tokakoodi SV - ver 1'),
    ('-418', 'FI', 'ekakoodi FI - ver 2', '0', '-412', 'ekakoodi FI - ver 2', 'ekakoodi FI - ver 2'),
    ('-419', 'SV', 'ekakoodi SV - ver 2', '0', '-412', 'ekakoodi SV - ver 2', 'ekakoodi SV - ver 2'),
    ('-459', 'FI', 'koodi 1 versio 1', '0', '-437', 'koodi 1 versio 1', 'koodi 1 versio 1'),
    ('-460', 'FI', 'koodi 1 versio 2', '0', '-438', 'koodi 1 versio 2', 'koodi 1 versio 2'),
    ('-461', 'FI', 'koodi 1 versio 3', '0', '-439', 'koodi 1 versio 3', 'koodi 1 versio 3'),
    ('-462', 'FI', 'koodi 1 versio 4', '0', '-440', 'koodi 1 versio 4', 'koodi 1 versio 4'),
    ('-463', 'FI', 'koodi 1 versio 5', '0', '-441', 'koodi 1 versio 5', 'koodi 1 versio 5'),
    ('-464', 'FI', 'koodi 1 versio 6', '0', '-442', 'koodi 1 versio 6', 'koodi 1 versio 6'),
    ('-465', 'FI', 'koodi 1 versio 7', '0', '-443', 'koodi 1 versio 7', 'koodi 1 versio 7'),
    ('-466', 'FI', 'koodi 1 versio 8', '0', '-444', 'koodi 1 versio 8', 'koodi 1 versio 8'),
    ('-467', 'FI', 'koodi 1 versio 9', '0', '-445', 'koodi 1 versio 9', 'koodi 1 versio 9'),
    ('-468', 'FI', 'koodi 1 versio 10', '0', '-446', 'koodi 1 versio 10', 'koodi 1 versio 10'),
    ('-469', 'FI', 'koodi 1 versio 11', '0', '-447', 'koodi 1 versio 11', 'koodi 1 versio 11'),
    ('-485', 'SV', 'kåådi 1 versiå 1', '0', '-437', 'kåådi 1 versiå 1', 'kåådi 1 versiå 1'),
    ('-486', 'SV', 'kåådi 1 versiå 2', '0', '-438', 'kåådi 1 versiå 2', 'kåådi 1 versiå 2'),
    ('-487', 'SV', 'kåådi 1 versiå 3', '0', '-439', 'kåådi 1 versiå 3', 'kåådi 1 versiå 3'),
    ('-488', 'SV', 'kåådi 1 versiå 4', '0', '-440', 'kåådi 1 versiå 4', 'kåådi 1 versiå 4'),
    ('-489', 'SV', 'kåådi 1 versiå 5', '0', '-441', 'kåådi 1 versiå 5', 'kåådi 1 versiå 5'),
    ('-490', 'SV', 'kåådi 1 versiå 6', '0', '-442', 'kåådi 1 versiå 6', 'kåådi 1 versiå 6'),
    ('-491', 'SV', 'kåådi 1 versiå 7', '0', '-443', 'kåådi 1 versiå 7', 'kåådi 1 versiå 7'),
    ('-492', 'SV', 'kåådi 1 versiå 8', '0', '-444', 'kåådi 1 versiå 8', 'kåådi 1 versiå 8'),
    ('-493', 'SV', 'kåådi 1 versiå 9', '0', '-445', 'kåådi 1 versiå 9', 'kåådi 1 versiå 9'),
    ('-494', 'SV', 'kåådi 1 versiå 10', '0', '-446', 'kåådi 1 versiå 10', 'kåådi 1 versiå 10'),
    ('-495', 'SV', 'kåådi 1 versiå 11', '0', '-447', 'kåådi 1 versiå 11', 'kåådi 1 versiå 11'),
    ('-496', 'EN', 'code 1 version 1', '0', '-437', 'code 1 version 1', 'code 1 version 1'),
    ('-497', 'EN', 'code 1 version 2', '0', '-438', 'code 1 version 2', 'code 1 version 2'),
    ('-498', 'EN', 'code 1 version 3', '0', '-439', 'code 1 version 3', 'code 1 version 3'),
    ('-499', 'EN', 'code 1 version 4', '0', '-440', 'code 1 version 4', 'code 1 version 4'),
    ('-500', 'EN', 'code 1 version 5', '0', '-441', 'code 1 version 5', 'code 1 version 5'),
    ('-501', 'EN', 'code 1 version 6', '0', '-442', 'code 1 version 6', 'code 1 version 6'),
    ('-502', 'EN', 'code 1 version 7', '0', '-443', 'code 1 version 7', 'code 1 version 7'),
    ('-503', 'EN', 'code 1 version 8', '0', '-444', 'code 1 version 8', 'code 1 version 8'),
    ('-504', 'EN', 'code 1 version 9', '0', '-445', 'code 1 version 9', 'code 1 version 9'),
    ('-505', 'EN', 'code 1 version 10', '0', '-446', 'code 1 version 10', 'code 1 version 10'),
    ('-506', 'EN', 'code 1 version 11', '0', '-447', 'code 1 version 11', 'code 1 version 11'),
    ('-470', 'FI', 'koodi 2 versio 1', '0', '-448', 'koodi 2 versio 1', 'koodi 2 versio 1'),
    ('-471', 'FI', 'koodi 2 versio 2', '0', '-449', 'koodi 2 versio 2', 'koodi 2 versio 2'),
    ('-472', 'FI', 'koodi 2 versio 3', '0', '-450', 'koodi 2 versio 3', 'koodi 2 versio 3'),
    ('-473', 'FI', 'koodi 2 versio 4', '0', '-451', 'koodi 2 versio 4', 'koodi 2 versio 4'),
    ('-474', 'FI', 'koodi 2 versio 5', '0', '-452', 'koodi 2 versio 5', 'koodi 2 versio 5'),
    ('-475', 'FI', 'koodi 2 versio 6', '0', '-453', 'koodi 2 versio 6', 'koodi 2 versio 6'),
    ('-476', 'FI', 'koodi 2 versio 7', '0', '-454', 'koodi 2 versio 7', 'koodi 2 versio 7'),
    ('-477', 'FI', 'koodi 2 versio 8', '0', '-455', 'koodi 2 versio 8', 'koodi 2 versio 8'),
    ('-478', 'FI', 'koodi 2 versio 9', '0', '-456', 'koodi 2 versio 9', 'koodi 2 versio 9'),
    ('-479', 'FI', 'koodi 2 versio 10', '0', '-457', 'koodi 2 versio 10', 'koodi 2 versio 10'),
    ('-480', 'FI', 'koodi 2 versio 11', '0', '-458', 'koodi 2 versio 11', 'koodi 2 versio 11'),
    ('-507', 'SV', 'cåådi 2 versiå 1', '0', '-448', 'cåådi 2 versiå 1', 'cåådi 2 versiå 1'),
    ('-508', 'SV', 'cåådi 2 versiå 2', '0', '-449', 'cåådi 2 versiå 2', 'cåådi 2 versiå 2'),
    ('-509', 'SV', 'cåådi 2 versiå 3', '0', '-450', 'cåådi 2 versiå 3', 'cåådi 2 versiå 3'),
    ('-510', 'SV', 'cåådi 2 versiå 4', '0', '-451', 'cåådi 2 versiå 4', 'cåådi 2 versiå 4'),
    ('-511', 'SV', 'cåådi 2 versiå 5', '0', '-452', 'cåådi 2 versiå 5', 'cåådi 2 versiå 5'),
    ('-512', 'SV', 'cåådi 2 versiå 6', '0', '-453', 'cåådi 2 versiå 6', 'cåådi 2 versiå 6'),
    ('-513', 'SV', 'cåådi 2 versiå 7', '0', '-454', 'cåådi 2 versiå 7', 'cåådi 2 versiå 7'),
    ('-514', 'SV', 'cåådi 2 versiå 8', '0', '-455', 'cåådi 2 versiå 8', 'cåådi 2 versiå 8'),
    ('-515', 'SV', 'cåådi 2 versiå 9', '0', '-456', 'cåådi 2 versiå 9', 'cåådi 2 versiå 9'),
    ('-516', 'SV', 'cåådi 2 versiå 10', '0', '-457', 'cåådi 2 versiå 10', 'cåådi 2 versiå 10'),
    ('-517', 'SV', 'cåådi 2 versiå 11', '0', '-458', 'cåådi 2 versiå 11', 'cåådi 2 versiå 11'),
    ('-518', 'EN', 'code 2 version 1', '0', '-448', 'code 2 version 1', 'code 2 version 1'),
    ('-519', 'EN', 'code 2 version 2', '0', '-449', 'code 2 version 2', 'code 2 version 2'),
    ('-520', 'EN', 'code 2 version 3', '0', '-450', 'code 2 version 3', 'code 2 version 3'),
    ('-521', 'EN', 'code 2 version 4', '0', '-451', 'code 2 version 4', 'code 2 version 4'),
    ('-522', 'EN', 'code 2 version 5', '0', '-452', 'code 2 version 5', 'code 2 version 5'),
    ('-523', 'EN', 'code 2 version 6', '0', '-453', 'code 2 version 6', 'code 2 version 6'),
    ('-524', 'EN', 'code 2 version 7', '0', '-454', 'code 2 version 7', 'code 2 version 7'),
    ('-525', 'EN', 'code 2 version 8', '0', '-455', 'code 2 version 8', 'code 2 version 8'),
    ('-526', 'EN', 'code 2 version 9', '0', '-456', 'code 2 version 9', 'code 2 version 9'),
    ('-527', 'EN', 'code 2 version 10', '0', '-457', 'code 2 version 10', 'code 2 version 10'),
    ('-528', 'EN', 'code 2 version 11', '0', '-458', 'code 2 version 11', 'code 2 version 11'),
    ('-529', 'FI', 'puuppa', '0', '-459', 'puuppa', 'puuppa'),
    ('-530', 'FI', 'plop', '0', '-460', 'plop', 'plop'),
    ('-531', 'FI', '1', '0', '-461', '1', '1'),
    ('-532', 'FI', '2', '0', '-462', '2', '2'),
    ('-533', 'FI', '3', '0', '-463', '3', '3'),
    ('-534', 'FI', 'koodi1', '0', '-464', 'koodi1', 'koodi1'),
    ('-535', 'FI', 'koodi2', '0', '-465', 'koodi2', 'koodi2'),
    ('-536', 'FI', 'koodi3', '0', '-466', 'koodi3', 'koodi3'),
    ('-537', 'FI', 'koodi4', '0', '-467', 'koodi4', 'koodi4'),
    ('-538', 'FI', 'koodi5', '0', '-468', 'koodi5', 'koodi5'),
    ('-539', 'FI', 'koodi6', '0', '-469', 'koodi6', 'koodi6'),
    ('-540', 'FI', 'koodi7', '0', '-470', 'koodi7', 'koodi7'),
    ('-541', 'FI', 'koodi8', '0', '-471', 'koodi8', 'koodi8'),
    ('-542', 'FI', 'koodi9', '0', '-472', 'koodi9', 'koodi9'),
    ('-543', 'FI', 'koodi10', '0', '-473', 'koodi10', 'koodi10'),
    ('-544', 'FI', 'koodi11', '0', '-474', 'koodi11', 'koodi11'),
    ('-545', 'FI', 'koodi12', '0', '-475', 'koodi12', 'koodi12'),
    ('-546', 'FI', 'koodi13', '0', '-476', 'koodi13', 'koodi13'),
    ('-547', 'FI', 'koodi13', '0', '-477', 'koodi13', 'koodi13'),
    ('-548', 'FI', 'koodi14', '0', '-478', 'koodi14', 'koodi14'),
    ('-549', 'FI', 'koodi14', '0', '-479', 'koodi14', 'koodi14'),
    ('-550', 'FI', 'koodi14', '0', '-480', 'koodi14', 'koodi14'),
    ('-551', 'FI', 'koodi15', '0', '-481', 'koodi15', 'koodi15'),
    ('-552', 'FI', 'koodi16', '0', '-482', 'koodi16', 'koodi16'),
    ('-553', 'FI', 'koodi17', '0', '-483', 'koodi17', 'koodi17'),
    ('-554', 'FI', 'koodi18', '0', '-484', 'koodi18', 'koodi18'),
    ('-555', 'FI', 'koodi19', '0', '-485', 'koodi19', 'koodi19'),
    ('-556', 'FI', 'koodi20', '0', '-486', 'koodi20', 'koodi20'),
    ('-557', 'FI', 'koodi21', '0', '-487', 'koodi21', 'koodi21'),
    ('-558', 'FI', 'koodi22', '0', '-488', 'koodi22', 'koodi22'),
    ('-559', 'FI', 'koodi23', '0', '-489', 'koodi23', 'koodi23'),
    ('-560', 'FI', 'koodi24', '0', '-490', 'koodi24', 'koodi24'),
    ('-561', 'FI', 'koodi25', '0', '-491', 'koodi25', 'koodi25'),
    ('-562', 'FI', 'koodi26', '0', '-492', 'koodi26', 'koodi26'),
    ('-563', 'FI', 'koodi27', '0', '-493', 'koodi27', 'koodi27'),
    ('-564', 'FI', 'koodi28', '0', '-494', 'koodi28', 'koodi28'),
    ('-565', 'FI', 'koodi29', '0', '-495', 'koodi29', 'koodi29'),
    ('-566', 'FI', 'koodi30', '0', '-496', 'koodi30', 'koodi30'),
    ('-567', 'FI', 'koodi30', '0', '-497', 'koodi30', 'koodi30'),
    ('-568', 'FI', 'koodi31', '0', '-498', 'koodi31', 'koodi31'),
    ('-569', 'FI', 'koodi32', '0', '-499', 'koodi32', 'koodi32'),
    ('-570', 'FI', 'koodi33', '0', '-500', 'koodi33', 'koodi33'),
    ('-571', 'FI', 'koodi34', '0', '-501', 'koodi34', 'koodi34'),
    ('-572', 'FI', 'koodi35', '0', '-502', 'koodi35', 'koodi35'),
    ('-573', 'FI', 'koodi36', '0', '-503', 'koodi36', 'koodi36'),
    ('-574', 'FI', 'koodi37', '0', '-504', 'koodi37', 'koodi37'),
    ('-575', 'FI', 'koodi38', '0', '-505', 'koodi38', 'koodi38'),
    ('-576', 'FI', 'koodi39', '0', '-506', 'koodi39', 'koodi39'),
    ('-577', 'FI', 'koodisiirtyy', '0', '-600', 'siirtyy', 'Koodi siirtyy'),
    ('-578', 'FI', 'wanha', '0', '-700', 'wanha', 'wanha ei siirry'),
    ('-579', 'FI', 'wanha', '0', '-701', 'wanha', 'wanha ei siirry'),
    ('-580', 'FI', 'wanha', '0', '-702', 'wanha', 'wanha ei siirry'),
    ('-581', 'FI', 'wanha', '0', '-703', 'wanha', 'wanha ei siirry2'),
    ('-582', 'FI', 'wanha', '0', '-704', 'wanha', 'wanha ei siirry2'),
    ('-583', 'FI', 'wanha', '0', '-705', 'wanha', 'wanha ei siirry2'),
    ('-584', 'FI', 'suhdepassivoidaan', '0', '-706', 'passivoidaan', 'suhde passivoidaan uusimman koodiversion hyvaksynnän yhteydessä'),
    ('-585', 'FI', 'koodihyvaksytään', '0', '-707', 'hyvaksytään', 'koodiversio laitetaan hyväksytty tilaan'),
    ('-586', 'FI', 'sisaltyy', '0', '-708', 'sisaltyy', 'sisaltyy'),
    ('-587', 'FI', 'passiivinensuhdeeikopioidu', '0', '-709', 'passiivinen', 'Passiivista koodinsuhdetta ei kopioida uusimpaan versioon'),
    ('-1000', 'FI', 'vanhasuhdeaktivoituu', '0', '-1000', 'suhdeaktivoituu', 'Vanha suhde tähän aktivoituu poiston yhteydessä'),
    ('-1001', 'FI', 'tämäpoistetaan', '0', '-1001', 'poistetaan', 'Tämä poistetaan'),
    ('-1002', 'FI', 'tonnillasuhdetähän', '0', '-1002', 'tonnisuhde', 'Tähän on suhde tonnilla');

INSERT INTO koodinsuhde (id,alakoodiversio_id,ylakoodiversio_id,suhteentyyppi,version,versio,ylakoodistapassiivinen,alakoodistapassiivinen)
VALUES
    ('-1', '-3', '-7', 'RINNASTEINEN', '0', '1', 'false', 'false'),
    ('-2', '-7', '-5', 'RINNASTEINEN', '0', '1', 'false', 'false'),
    ('-3', '-5', '-3', 'RINNASTEINEN', '0', '1', 'false', 'false'),
    ('-4', '-3', '-9', 'SISALTYY', '0', '1', 'false', 'false'),
    ('-5', '-9', '-3', 'SISALTYY', '0', '1', 'false', 'false'),
    ('-6', '-11', '-3', 'SISALTYY', '0', '1', 'false', 'false'),
    ('-7', '-412', '-411', 'RINNASTEINEN', '0', '1', 'false', 'false'),
    ('-8', '-465', '-464', 'SISALTYY', '0', '1', 'false', 'false'),
    ('-9', '-487', '-486', 'SISALTYY', '0', '1', 'false', 'false'),
    ('-10', '-489', '-488', 'SISALTYY', '0', '1', 'false', 'false'),
    ('-11', '-490', '-488', 'SISALTYY', '0', '1', 'false', 'false'),
    ('-12', '-494', '-493', 'RINNASTEINEN', '0', '1', 'false', 'false'),
    ('-13', '-501', '-499', 'SISALTYY', '0', '1', 'false', 'false'),
    ('-14', '-500', '-501', 'SISALTYY', '0', '1', 'false', 'false'),
    ('-15', '-501', '-500', 'RINNASTEINEN', '0', '1', 'false', 'false'),
    ('-16', '-500', '-600', 'SISALTYY', '0', '1', 'false', 'false'),
    ('-17', '-700', '-701', 'SISALTYY', '0', '1', 'false', 'false'),
    ('-18', '-700', '-702', 'SISALTYY', '0', '2', 'false', 'false'),
    ('-19', '-703', '-705', 'SISALTYY', '0', '2', 'false', 'false'),
    ('-20', '-704', '-705', 'SISALTYY', '0', '1', 'false', 'false'),
    ('-21', '-708', '-706', 'SISALTYY', '0', '1', 'true', 'false'),
    ('-22', '-708', '-707', 'SISALTYY', '0', '2', 'false', 'false'),
    ('-23', '-709', '-495', 'SISALTYY', '0', '1', 'true', 'false'),
    ('-1000', '-1002', '-1000', 'SISALTYY', '0', '1', 'true', 'false');

INSERT INTO koodistoversio (id,version,paivityspvm,luotu,voimassaalkupvm, tila,versio,koodisto_id, voimassaloppupvm)
VALUES
    ('-1', '0', '2012-03-22', '2013-01-01', '2012-11-20', 'HYVAKSYTTY', '1', '-1', null),
    ('-303', '0', '2012-03-22', '2013-01-01', '2012-11-20', 'HYVAKSYTTY', '1', '-303', null),
    ('-365', '0', '2012-03-22', '2013-01-01', '2012-11-20', 'HYVAKSYTTY', '1', '-365', null),
    ('-398', '2', '2012-04-13', '2013-01-01', '2012-11-20', 'HYVAKSYTTY', '1', '-398', null),
    ('-399', '0', '2012-04-29', '2013-01-01', '2012-11-20', 'HYVAKSYTTY', '1', '-399', null),
    ('-400', '0', '2012-04-30', '2013-01-01', '2012-11-20', 'PASSIIVINEN', '2', '-399', null),
    ('-423', '0', '2012-05-03', '2013-01-01', '2012-11-20', 'HYVAKSYTTY', '1', '-422', null),
    ('-431', '0', '2012-05-11', '2012-10-01', '2012-10-03', 'HYVAKSYTTY', '1', '-430', '2013-01-01'),
    ('-481', '0', '2012-05-11', '2012-10-04', '2012-10-06', 'HYVAKSYTTY', '2', '-430', '2013-01-01'),
    ('-482', '0', '2012-11-07', '2012-11-06', '2013-01-01', 'LUONNOS', '1', '-431', null),
    ('-483', '0', '2012-11-09', '2012-11-08', '2013-01-01', 'HYVAKSYTTY', '1', '-432', null),
    ('-484', '0', '2012-11-09', '2012-11-08', '2013-01-01', 'PASSIIVINEN', '2', '-432', null),
    ('-485', '0', '2012-11-09', '2012-11-08', '2013-01-01', 'PASSIIVINEN', '3', '-432', null),
    ('-486', '0', '2012-11-09', '2012-11-08', '2013-01-01', 'PASSIIVINEN', '4', '-432', null),
    ('-487', '0', '2012-11-09', '2012-11-08', '2013-01-01', 'PASSIIVINEN', '5', '-432', null),
    ('-488', '0', '2012-12-04', '2012-12-04', '2013-01-01', 'PASSIIVINEN', '1', '-433', null),
    ('-489', '0', '2012-12-05', '2012-12-04', '2013-01-01', 'HYVAKSYTTY', '1', '-434', null),
    ('-490', '0', '2013-03-15', '2013-03-15', '2013-01-01', 'HYVAKSYTTY', '1', '-435', null),
    ('-491', '0', '2013-03-18', '2013-03-18', '2013-01-01', 'HYVAKSYTTY', '1', '-436', null),
    ('-492', '0', '2013-03-18', '2013-03-18', '2013-01-01', 'LUONNOS', '1', '-437', null),
    ('-493', '0', '2013-03-19', '2013-03-19', '2013-01-01', 'LUONNOS', '1', '-438', null),
    ('-494', '0', '2013-03-19', '2013-03-17', '2013-01-01', 'HYVAKSYTTY', '1', '-439', null),
    ('-495', '0', '2013-03-19', '2013-03-19', '2013-01-01', 'LUONNOS', '2', '-439', null),
    ('-496', '0', '2013-03-17', '2013-03-17', '2013-01-01', 'LUONNOS', '1', '-440', null),
    ('-497', '0', '2013-03-21', '2013-03-17', '2013-01-01', 'HYVAKSYTTY', '1', '-441', null),
    ('-498', '0', '2013-03-21', '2013-03-18', '2013-01-01', 'HYVAKSYTTY', '2', '-441', null),
    ('-499', '0', '2013-03-21', '2013-03-21', '2013-01-01', 'HYVAKSYTTY', '4', '-441', null),
    ('-500', '0', '2013-03-21', '2013-03-21', '2013-01-01', 'LUONNOS', '1', '-442', null),
    ('-501', '0', '2013-03-21', '2013-03-21', '2013-01-01', 'HYVAKSYTTY', '1', '-443', null),
    ('-502', '0', '2013-03-26', '2013-03-26', '2013-01-01', 'HYVAKSYTTY', '1', '-444', null),
    ('-503', '0', '2013-04-02', '2013-04-02', '2013-01-01', 'HYVAKSYTTY', '1', '-445', null),
    ('-504', '0', '2013-04-02', '2013-04-02', '2013-01-01', 'HYVAKSYTTY', '1', '-446', null),
    ('-505', '0', '2013-04-02', '2013-04-02', '2013-01-01', 'HYVAKSYTTY', '1', '-447', null),
    ('-506', '0', '2013-04-08', '2013-04-06', '2013-04-07', 'HYVAKSYTTY', '1', '-448', '2013-01-01'),
    ('-507', '0', '2013-04-08', '2013-04-02', '2013-01-01', 'LUONNOS', '2', '-448', null),
    ('-508', '0', '2013-04-11', '2013-04-11', '2013-01-01', 'HYVAKSYTTY', '1', '-449', null),
    ('-509', '0', '2013-04-12', '2013-04-10', '2013-01-01', 'HYVAKSYTTY', '1', '-450', null),
    ('-510', '0', '2013-04-12', '2013-04-11', '2013-01-01', 'LUONNOS', '2', '-450', null),
    ('-511', '0', '2013-04-15', '2013-04-15', '2013-01-01', 'HYVAKSYTTY', '1', '-451', null),
    ('-512', '0', '2013-04-15', '2013-04-15', '2013-01-01', 'HYVAKSYTTY', '1', '-452', null),
    ('-513', '0', '2013-08-13', '2013-08-11', '2013-01-01', 'PASSIIVINEN', '1', '-453', null),
    ('-514', '0', '2013-08-13', '2013-08-11', '2013-01-01', 'HYVAKSYTTY', '1', '-454', null),
    ('-515', '0', '2013-08-13', '2013-08-12', '2013-01-01', 'HYVAKSYTTY', '2', '-454', null),
    ('-600', '0', '2013-08-13', '2013-08-12', '2013-01-01', 'HYVAKSYTTY', '1', '-500', null),
    ('-601', '0', '2013-08-13', '2013-08-12', '2013-01-01', 'HYVAKSYTTY', '1', '-501', null),
    ('-602', '0', '2013-08-13', '2013-08-12', '2013-01-01', 'HYVAKSYTTY', '1', '-502', null),
    ('-700', '0', '2013-08-13', '2013-08-12', '2013-01-01', 'HYVAKSYTTY', '1', '-600', null),
    ('-701', '0', '2013-08-13', '2013-08-12', '2013-01-01', 'HYVAKSYTTY', '1', '-601', null),
    ('-702', '0', '2013-08-13', '2013-08-12', '2013-01-01', 'HYVAKSYTTY', '2', '-601', null),
    ('-703', '0', '2013-08-13', '2013-08-12', '2013-01-01', 'HYVAKSYTTY', '1', '-602', null),
    ('-704', '0', '2013-08-13', '2013-08-12', '2013-01-01', 'PASSIIVINEN', '2', '-600', null),
    ('-800', '0', '2013-08-13', '2013-08-12', '2013-01-01', 'HYVAKSYTTY', '1', '-700', null),
    ('-801', '0', '2013-08-13', '2013-08-12', '2013-01-01', 'HYVAKSYTTY', '1', '-701', null),
    ('-802', '0', '2013-08-13', '2013-08-12', '2013-01-01', 'LUONNOS', '2', '-701', null),
    ('-803', '0', '2013-08-13', '2013-08-12', '2013-01-01', 'HYVAKSYTTY', '1', '-702', null),
    ('-804', '0', '2013-08-13', '2013-08-12', '2013-01-01', 'LUONNOS', '2', '-702', null),
    ('-805', '0', '2013-08-13', '2013-08-12', '2013-01-01', 'HYVAKSYTTY', '1', '-703', null),
    ('-806', '0', '2013-04-15', '2013-04-15', '2013-01-01', 'HYVAKSYTTY', '1', '-809', null),
    ('-807', '0', '2013-04-15', '2013-04-15', '2013-01-01', 'HYVAKSYTTY', '2', '-809', null),
    ('-808', '0', '2013-04-15', '2013-04-15', '2013-01-01', 'HYVAKSYTTY', '1', '-810', null),
    ('-900', '0', '2013-08-13', '2013-08-12', '2013-01-01', 'HYVAKSYTTY', '1', '-800', null),
    ('-901', '0', '2013-08-13', '2013-08-12', '2013-01-01', 'HYVAKSYTTY', '1', '-801', null),
    ('-902', '0', '2013-08-13', '2013-08-12', '2013-01-01', 'HYVAKSYTTY', '1', '-802', null),
    ('-903', '0', '2013-08-13', '2013-08-12', '2013-01-01', 'HYVAKSYTTY', '1', '-803', null),
    ('-904', '0', '2013-08-13', '2013-08-12', '2013-01-01', 'HYVAKSYTTY', '1', '-804', null),
    ('-905', '0', '2013-08-13', '2013-08-12', '2013-01-01', 'HYVAKSYTTY', '1', '-805', null),
    ('-906', '0', '2013-08-13', '2013-08-12', '2013-01-01', 'HYVAKSYTTY', '1', '-806', null),
    ('-907', '0', '2013-08-13', '2013-08-12', '2013-01-01', 'HYVAKSYTTY', '1', '-807', null),
    ('-910', '0', '2013-08-13', '2013-08-12', '2013-01-01', 'HYVAKSYTTY', '1', '-808', null),
    ('-911', '0', '2013-08-13', '2013-08-12', '2013-01-01', 'HYVAKSYTTY', '1', '-811', null),
    ('-912', '0', '2013-08-13', '2013-08-12', '2013-01-01', 'HYVAKSYTTY', '1', '-812', null),
    ('-1000', '0', '2013-08-13', '2013-08-12', '2013-01-01', 'HYVAKSYTTY', '1', '-1000', null),
    ('-1001', '0', '2014-08-13', '2014-08-12', '2014-01-01', 'PASSIIVINEN', '2', '-1000', null),
    ('-1002', '0', '2013-08-13', '2013-08-12', '2013-01-01', 'LUONNOS', '1', '-1001', null);

INSERT INTO koodistometadata (id,kieli,nimi,version,koodistoversio_id,kuvaus)
VALUES
    ('-2', 'FI', 'Kunnat', '0', '-1', 'Kunnat'),
    ('-304', 'FI', 'Maakunnat', '0', '-303', 'Maakunnat'),
    ('-305', 'FI', 'Foobaar!', '0', '-398', 'Foobaar!'),
    ('-366', 'FI', 'Aluevirastot', '0', '-365', 'Aluevirastot'),
    ('-383', 'SV', 'Regionförvaltning', '0', '-365', 'Regionförvaltning'),
    ('-392', 'EN', 'NI!', '0', '-365', 'NI!'),
    ('-395', 'SV', 'Kommuner', '0', '-1', 'Kommuner'),
    ('-396', 'EN', 'Communes', '0', '-1', 'Communes'),
    ('-401', 'FI', 'testikoodistoFI', '0', '-399', 'testikoodistoFI'),
    ('-402', 'SV', 'testikoodistoSV', '0', '-399', 'testikoodistoSV'),
    ('-403', 'EN', 'testikoodistoEN', '0', '-399', 'testikoodistoEN'),
    ('-404', 'FI', 'testikoodistoFI - ver 2', '0', '-400', 'testikoodistoFI - ver 2'),
    ('-405', 'SV', 'testikoodistoSV - ver 2', '0', '-400', 'testikoodistoSV - ver 2'),
    ('-406', 'EN', 'testikoodistoEN - ver 2', '0', '-400', 'testikoodistoEN - ver 2'),
    ('-424', 'FI', 'testing 2 FI', '0', '-423', 'testing 2 FI'),
    ('-425', 'SV', 'testing 2 SV', '0', '-423', 'testing 2 SV'),
    ('-432', 'FI', 'paljon versioita koodistossa', '0', '-431', 'paljon versioita koodistossa'),
    ('-433', 'SV', 'mycket av versioner i koodisto', '0', '-431', 'mycket av versioner i koodisto'),
    ('-434', 'EN', 'lots of versions in koodisto', '0', '-431', 'lots of versions in koodisto'),
    ('-482', 'FI', 'paljon versioita koodistossa', '0', '-481', 'paljon versioita koodistossa'),
    ('-483', 'SV', 'mycket av versioner i koodisto', '0', '-481', 'mycket av versioner i koodisto'),
    ('-484', 'EN', 'lots of versions in koodisto', '0', '-481', 'lots of versions in koodisto'),
    ('-485', 'FI', 'ekaversioluonnostilassa', '0', '-482', 'ekaversioluonnostilassa'),
    ('-486', 'FI', 'montapassiivistauuttaversiota', '0', '-483', 'montapassiivistauuttaversiota'),
    ('-487', 'FI', 'montapassiivistauuttaversiota', '0', '-484', 'montapassiivistauuttaversiota'),
    ('-488', 'FI', 'montapassiivistauuttaversiota', '0', '-485', 'montapassiivistauuttaversiota'),
    ('-489', 'FI', 'montapassiivistauuttaversiota', '0', '-486', 'montapassiivistauuttaversiota'),
    ('-490', 'FI', 'montapassiivistauuttaversiota', '0', '-487', 'montapassiivistauuttaversiota'),
    ('-491', 'FI', 'plop koodisto', '0', '-488', 'plop koodisto'),
    ('-492', 'FI', 'koodistoo', '0', '-489', 'koodistookuvaus'),
    ('-493', 'FI', 'koodistoo2', '0', '-490', 'koodistoo2kuvaus'),
    ('-494', 'FI', 'koodistoo3', '0', '-491', 'koodistoo3kuvaus'),
    ('-495', 'FI', 'koodistoo4', '0', '-492', 'koodistoo4kuvaus'),
    ('-496', 'FI', 'koodistoo5', '0', '-493', 'koodistoo5kuvaus'),
    ('-497', 'FI', 'koodistoo6', '0', '-494', 'koodistoo6kuvaus'),
    ('-498', 'FI', 'koodistoo6', '0', '-495', 'koodistoo6kuvaus'),
    ('-499', 'FI', 'koodistoo7', '0', '-496', 'koodistoo7kuvaus'),
    ('-500', 'FI', 'koodistoo8', '0', '-497', 'koodistoo8kuvaus'),
    ('-501', 'FI', 'koodistoo8', '0', '-498', 'koodistoo8kuvaus'),
    ('-502', 'FI', 'koodistoo8', '0', '-499', 'koodistoo8kuvaus'),
    ('-503', 'FI', 'koodistoo9', '0', '-500', 'koodistoo9kuvaus'),
    ('-504', 'FI', 'koodistoo10', '0', '-501', 'koodistoo10kuvaus'),
    ('-505', 'FI', 'koodistoo11', '0', '-502', 'koodistoo11kuvaus'),
    ('-506', 'FI', 'koodistoo12', '0', '-503', 'koodistoo12kuvaus'),
    ('-507', 'FI', 'koodistoo13', '0', '-504', 'koodistoo13kuvaus'),
    ('-508', 'FI', 'koodistoo14', '0', '-505', 'koodistoo14kuvaus'),
    ('-509', 'FI', 'koodistoo15', '0', '-506', 'koodistoo15kuvaus'),
    ('-510', 'FI', 'koodistoo15', '0', '-507', 'koodistoo15kuvaus'),
    ('-511', 'FI', 'koodistoo16', '0', '-508', 'koodistoo16kuvaus'),
    ('-512', 'FI', 'koodistoo17', '0', '-509', 'koodistoo17kuvaus'),
    ('-513', 'FI', 'koodistoo17', '0', '-510', 'koodistoo17kuvaus'),
    ('-514', 'FI', 'koodistoo18', '0', '-511', 'koodistoo18kuvaus'),
    ('-515', 'FI', 'koodistoo19', '0', '-512', 'koodistoo19kuvaus'),
    ('-516', 'FI', 'koodistoo20', '0', '-513', 'koodistoo20kuvaus'),
    ('-517', 'FI', 'koodistoo21', '0', '-514', 'koodistoo21kuvaus'),
    ('-518', 'FI', 'koodistoo22', '0', '-515', 'koodistoo22kuvaus'),
    ('-519', 'FI', 'koodisiirtyy', '0', '-600', 'koodi siirtyy'),
    ('-520', 'FI', 'koodinsuhde', '0', '-601', 'koodin suhde'),
    ('-521', 'FI', 'koodinsuhde2', '0', '-602', 'koodin suhde'),
    ('-522', 'FI', 'tarkasteltava', '0', '-700', 'tarkasteltava'),
    ('-523', 'FI', 'tuoreimmassaeisuhdetta', '0', '-701', 'tuoreimmassa ei suhdetta'),
    ('-524', 'FI', 'tuoreimmassaeisuhdetta', '0', '-702', 'tuoreimmassa ei suhdetta'),
    ('-525', 'FI', 'suhdetuoreimmassa', '0', '-703', 'suhdetuoreimmassa'),
    ('-526', 'FI', 'tarkasteltava', '0', '-704', 'tarkasteltava'),
    ('-527', 'FI', 'wanhakoodinsuhdeeisiirry', '0', '-800', 'Wanha suhde ei siirry'),
    ('-528', 'FI', 'wanhakoodinsuhdeeisiirry', '0', '-801', 'Wanha suhde ei siirry'),
    ('-529', 'FI', 'wanhakoodinsuhdeeisiirry', '0', '-802', 'Wanha suhde ei siirry'),
    ('-530', 'FI', 'wanhakoodinsuhdeeisiirry', '0', '-803', 'Wanha suhde ei siirry2'),
    ('-531', 'FI', 'wanhakoodinsuhdeeisiirry', '0', '-804', 'Wanha suhde ei siirry2'),
    ('-532', 'FI', 'wanhakoodinsuhdeeisiirry', '0', '-805', 'Wanha suhde ei siirry2'),
    ('-800', 'FI', 'koodistonSaveTestiKoodisto0', '0', '-900', 'Luodaan tälle relaatio 1:een, 2:een ja 3:een ja poistetaan olemassaolevat relaatiot 4,5,6 ja 7'),
    ('-801', 'FI', 'koodistonSaveTestiKoodisto1', '0', '-901', 'Luodaan tälle sisältyy relaatio 0:aan'),
    ('-802', 'FI', 'koodistonSaveTestiKoodisto2', '0', '-902', 'Luodaan tälle sisältää relaatio 0:aan'),
    ('-803', 'FI', 'koodistonSaveTestiKoodisto3', '0', '-903', 'Luodaan tälle rinnastuu relaatio 0:aan'),
    ('-804', 'FI', 'koodistonSaveTestiKoodisto4', '0', '-904', 'Poistetaan tältä relaatio 0:aan'),
    ('-805', 'FI', 'koodistonSaveTestiKoodisto5', '0', '-905', 'Poistetaan tältä relaatio 0:aan'),
    ('-806', 'FI', 'koodistonSaveTestiKoodisto6', '0', '-906', 'Poistetaan tältä relaatio 0:aan'),
    ('-807', 'FI', 'koodistonSaveTestiKoodisto7', '0', '-907', 'Poistetaan tältä relaatio 0:aan'),
    ('-910', 'FI', 'RelaatioItseensä', '0', '-910', 'Tällä on Hyväksytty relaatio itseensä'),
    ('-911', 'FI', 'suhdepassivoidaan', '0', '-806', 'Tämän suhde passivoidaan seuraavan version hyväksynnän yhteydessä'),
    ('-912', 'FI', 'muutetaanaktiiviseksi', '0', '-807', 'Tämä hyväksytään'),
    ('-913', 'FI', 'sisaltyy', '0', '-808', 'sisaltyy'),
    ('-914', 'FI', 'passiivinensuhdeeikopioidu', '0', '-911', 'Passiivinen koodistonsuhde ei kopioidu uuteen versioon'),
    ('-915', 'FI', 'RelaatioItseensäRinnasteinen', '0', '-912', 'Tällä on Hyväksytty relaatio itseensä'),
    ('-1000', 'FI', 'WanhaSuhdeAktivoituu', '0', '-1000', 'Vanha suhde aktivoituu poiston yhteydessä'),
    ('-1001', 'FI', 'Tämäpoistetaan', '0', '-1001', 'Tämä versio poistetaan'),
    ('-1002', 'FI', 'Tonnillawanhasuhdetähän', '0', '-1002', 'Tällä on passiivinen suhde tonnin kanssa');

INSERT INTO koodistoversio_koodiversio (id,version,koodistoversio_id,koodiversio_id)
VALUES
    ('-1', '0', '-1', '-3'),
    ('-2', '0', '-1', '-5'),
    ('-3', '0', '-1', '-7'),
    ('-4', '0', '-1', '-9'),
    ('-5', '0', '-1', '-11'),
    ('-6', '0', '-1', '-13'),
    ('-7', '0', '-1', '-15'),
    ('-8', '0', '-1', '-17'),
    ('-9', '0', '-1', '-19'),
    ('-10', '0', '-1', '-21'),
    ('-11', '0', '-1', '-23'),
    ('-12', '0', '-1', '-25'),
    ('-13', '0', '-1', '-27'),
    ('-14', '0', '-1', '-29'),
    ('-15', '0', '-1', '-31'),
    ('-16', '0', '-1', '-33'),
    ('-17', '0', '-1', '-35'),
    ('-18', '0', '-1', '-37'),
    ('-19', '0', '-1', '-39'),
    ('-20', '0', '-1', '-41'),
    ('-21', '0', '-1', '-43'),
    ('-22', '0', '-1', '-45'),
    ('-23', '0', '-1', '-47'),
    ('-24', '0', '-1', '-49'),
    ('-25', '0', '-1', '-51'),
    ('-26', '0', '-1', '-53'),
    ('-27', '0', '-1', '-55'),
    ('-28', '0', '-1', '-57'),
    ('-29', '0', '-1', '-59'),
    ('-30', '0', '-1', '-61'),
    ('-31', '0', '-1', '-63'),
    ('-32', '0', '-1', '-65'),
    ('-33', '0', '-1', '-67'),
    ('-34', '0', '-1', '-69'),
    ('-35', '0', '-1', '-71'),
    ('-36', '0', '-1', '-73'),
    ('-37', '0', '-1', '-75'),
    ('-38', '0', '-1', '-77'),
    ('-39', '0', '-1', '-79'),
    ('-40', '0', '-1', '-81'),
    ('-41', '0', '-1', '-83'),
    ('-42', '0', '-1', '-85'),
    ('-43', '0', '-1', '-87'),
    ('-44', '0', '-1', '-89'),
    ('-45', '0', '-1', '-91'),
    ('-46', '0', '-1', '-93'),
    ('-47', '0', '-1', '-95'),
    ('-48', '0', '-1', '-97'),
    ('-49', '0', '-1', '-99'),
    ('-50', '0', '-1', '-101'),
    ('-51', '0', '-1', '-103'),
    ('-52', '0', '-1', '-105'),
    ('-53', '0', '-1', '-107'),
    ('-54', '0', '-1', '-109'),
    ('-55', '0', '-1', '-111'),
    ('-56', '0', '-1', '-113'),
    ('-57', '0', '-1', '-115'),
    ('-58', '0', '-1', '-117'),
    ('-59', '0', '-1', '-119'),
    ('-60', '0', '-1', '-121'),
    ('-61', '0', '-1', '-123'),
    ('-62', '0', '-1', '-125'),
    ('-63', '0', '-1', '-127'),
    ('-64', '0', '-1', '-129'),
    ('-65', '0', '-1', '-131'),
    ('-66', '0', '-1', '-133'),
    ('-67', '0', '-1', '-135'),
    ('-68', '0', '-1', '-137'),
    ('-69', '0', '-1', '-139'),
    ('-70', '0', '-1', '-141'),
    ('-71', '0', '-1', '-143'),
    ('-72', '0', '-1', '-145'),
    ('-73', '0', '-1', '-147'),
    ('-74', '0', '-1', '-149'),
    ('-75', '0', '-1', '-151'),
    ('-76', '0', '-1', '-153'),
    ('-77', '0', '-1', '-155'),
    ('-78', '0', '-1', '-157'),
    ('-79', '0', '-1', '-159'),
    ('-80', '0', '-1', '-161'),
    ('-81', '0', '-1', '-163'),
    ('-82', '0', '-1', '-165'),
    ('-83', '0', '-1', '-167'),
    ('-84', '0', '-1', '-169'),
    ('-85', '0', '-1', '-171'),
    ('-86', '0', '-1', '-173'),
    ('-87', '0', '-1', '-175'),
    ('-88', '0', '-1', '-177'),
    ('-89', '0', '-1', '-179'),
    ('-90', '0', '-1', '-181'),
    ('-91', '0', '-1', '-183'),
    ('-92', '0', '-1', '-185'),
    ('-93', '0', '-1', '-187'),
    ('-94', '0', '-1', '-189'),
    ('-95', '0', '-1', '-191'),
    ('-96', '0', '-1', '-193'),
    ('-97', '0', '-1', '-195'),
    ('-98', '0', '-1', '-197'),
    ('-99', '0', '-1', '-199'),
    ('-100', '0', '-1', '-201'),
    ('-101', '0', '-303', '-305'),
    ('-102', '0', '-303', '-307'),
    ('-103', '0', '-303', '-309'),
    ('-104', '0', '-303', '-311'),
    ('-105', '0', '-303', '-313'),
    ('-106', '0', '-303', '-315'),
    ('-107', '0', '-303', '-317'),
    ('-108', '0', '-303', '-319'),
    ('-109', '0', '-303', '-321'),
    ('-110', '0', '-303', '-323'),
    ('-111', '0', '-303', '-325'),
    ('-112', '0', '-303', '-327'),
    ('-113', '0', '-303', '-329'),
    ('-114', '0', '-303', '-331'),
    ('-115', '0', '-303', '-333'),
    ('-116', '0', '-303', '-335'),
    ('-117', '0', '-303', '-337'),
    ('-118', '0', '-303', '-339'),
    ('-119', '0', '-303', '-341'),
    ('-120', '0', '-303', '-343'),
    ('-121', '0', '-365', '-367'),
    ('-122', '0', '-365', '-369'),
    ('-123', '0', '-365', '-371'),
    ('-124', '0', '-365', '-373'),
    ('-125', '0', '-365', '-375'),
    ('-126', '0', '-365', '-377'),
    ('-127', '0', '-365', '-379'),
    ('-128', '0', '-365', '-381'),
    ('-129', '0', '-399', '-410'),
    ('-130', '0', '-423', '-411'),
    ('-131', '0', '-400', '-412'),
    ('-135', '0', '-431', '-440'),
    ('-136', '0', '-431', '-453'),
    ('-137', '0', '-481', '-447'),
    ('-138', '0', '-481', '-458'),
    ('-139', '0', '-482', '-459'),
    ('-140', '0', '-488', '-460'),
    ('-141', '0', '-489', '-461'),
    ('-142', '0', '-489', '-462'),
    ('-143', '0', '-489', '-463'),
    ('-144', '0', '-490', '-464'),
    ('-145', '0', '-490', '-465'),
    ('-146', '0', '-490', '-466'),
    ('-147', '0', '-491', '-467'),
    ('-148', '0', '-491', '-468'),
    ('-149', '0', '-491', '-469'),
    ('-150', '0', '-492', '-470'),
    ('-151', '0', '-492', '-471'),
    ('-152', '0', '-492', '-472'),
    ('-153', '0', '-493', '-473'),
    ('-154', '0', '-493', '-474'),
    ('-155', '0', '-493', '-475'),
    ('-156', '0', '-494', '-476'),
    ('-157', '0', '-495', '-477'),
    ('-158', '0', '-497', '-478'),
    ('-159', '0', '-498', '-479'),
    ('-160', '0', '-499', '-480'),
    ('-161', '0', '-500', '-481'),
    ('-162', '0', '-500', '-482'),
    ('-163', '0', '-501', '-483'),
    ('-164', '0', '-501', '-484'),
    ('-165', '0', '-502', '-485'),
    ('-166', '0', '-503', '-486'),
    ('-167', '0', '-504', '-487'),
    ('-168', '0', '-503', '-488'),
    ('-169', '0', '-504', '-489'),
    ('-170', '0', '-505', '-490'),
    ('-171', '0', '-505', '-491'),
    ('-172', '0', '-504', '-492'),
    ('-173', '0', '-503', '-493'),
    ('-174', '0', '-504', '-494'),
    ('-175', '0', '-506', '-495'),
    ('-176', '0', '-509', '-496'),
    ('-177', '0', '-510', '-497'),
    ('-178', '0', '-510', '-498'),
    ('-179', '0', '-511', '-499'),
    ('-180', '0', '-511', '-500'),
    ('-181', '0', '-512', '-501'),
    ('-182', '0', '-513', '-503'),
    ('-183', '0', '-514', '-504'),
    ('-184', '0', '-515', '-505'),
    ('-185', '0', '-513', '-506'),
    ('-600', '0', '-600', '-600'),
    ('-700', '0', '-800', '-700'),
    ('-701', '0', '-801', '-701'),
    ('-702', '0', '-802', '-702'),
    ('-703', '0', '-803', '-703'),
    ('-704', '0', '-804', '-704'),
    ('-705', '0', '-805', '-705'),
    ('-706', '0', '-806', '-706'),
    ('-707', '0', '-807', '-707'),
    ('-708', '0', '-808', '-708'),
    ('-709', '0', '-911', '-709'),
    ('-1000', '0', '-1000', '-1000'),
    ('-1001', '0', '-1001', '-1001'),
    ('-1002', '0', '-1002', '-1002');

INSERT INTO koodistoryhma (id,koodistoryhmauri,version)
VALUES
    ('-1', 'foobarrr', '0'),
    ('-2', 'baafoorrr', '0'),
    ('-407', 'testikoodistoryhma', '0'),
    ('-426', 'paljon_versioita.fi', '0');

INSERT INTO koodistoryhma_koodisto (koodistoryhma_id,koodisto_id)
VALUES
    ('-1', '-1'),
    ('-2', '-303'),
    ('-2', '-365'),
    ('-407', '-399'),
    ('-407', '-422'),
    ('-426', '-430'),
    ('-426', '-431'),
    ('-426', '-432'),
    ('-426', '-433'),
    ('-426', '-434'),
    ('-426', '-435'),
    ('-426', '-436'),
    ('-426', '-437'),
    ('-426', '-438'),
    ('-426', '-439'),
    ('-426', '-440'),
    ('-426', '-441'),
    ('-426', '-442'),
    ('-426', '-443'),
    ('-426', '-444'),
    ('-426', '-445'),
    ('-426', '-446'),
    ('-426', '-447'),
    ('-426', '-448'),
    ('-426', '-449'),
    ('-426', '-450'),
    ('-426', '-451'),
    ('-426', '-452'),
    ('-426', '-500'),
    ('-426', '-501'),
    ('-426', '-502'),
    ('-426', '-809'),
    ('-426', '-810'),
    ('-426', '-811'),
    ('-426', '-1000'),
    ('-426', '-1001');

INSERT INTO koodistoryhmametadata (id,koodistoryhma_id,kieli,nimi,version)
VALUES
    ('-1', '-1', 'FI', 'nimi1', '0'),
    ('-2', '-1', 'SV', 'namn1', '0'),
    ('-3', '-2', 'FI', 'nimi2', '0'),
    ('-4', '-2', 'SV', 'namn2', '0'),
    ('-408', '-407', 'FI', 'testFI', '0'),
    ('-409', '-407', 'SV', 'testSV', '0'),
    ('-427', '-426', 'FI', 'paljon versioita', '0'),
    ('-428', '-426', 'SV', 'mycket av versioner', '0'),
    ('-429', '-426', 'EN', 'lots of versions', '0');

INSERT INTO koodistonsuhde (id,alakoodistoversio_id,ylakoodistoversio_id,versio,suhteentyyppi,version,ylakoodistostapassiivinen,alakoodistostapassiivinen)
VALUES
    ('-1', '-400', '-1', '1', 'RINNASTEINEN', '0', 'false', 'false'),
    ('-2', '-423', '-1', '1', 'SISALTYY', '0', 'false', 'false'),
    ('-3', '-1', '-483', '1', 'RINNASTEINEN', '0', 'false', 'false'),
    ('-4', '-1', '-484', '1', 'SISALTYY', '0', 'false', 'false'),
    ('-5', '-511', '-600', '1', 'SISALTYY', '0', 'false', 'false'),
    ('-6', '-602', '-601', '1', 'SISALTYY', '0', 'false', 'false'),
    ('-7', '-701', '-700', '1', 'SISALTYY', '0', 'false', 'false'),
    ('-8', '-703', '-700', '1', 'SISALTYY', '0', 'false', 'false'),
    ('-9', '-701', '-704', '2', 'SISALTYY', '0', 'false', 'false'),
    ('-10', '-703', '-704', '2', 'SISALTYY', '0', 'false', 'false'),
    ('-11', '-800', '-801', '1', 'SISALTYY', '0', 'false', 'false'),
    ('-12', '-800', '-802', '1', 'SISALTYY', '0', 'false', 'false'),
    ('-13', '-803', '-805', '1', 'SISALTYY', '0', 'false', 'false'),
    ('-14', '-804', '-805', '1', 'SISALTYY', '0', 'false', 'false'),
    ('-504', '-505', '-503', '1', 'SISALTYY', '0', 'false', 'false'),
    ('-503', '-503', '-504', '1', 'SISALTYY', '0', 'false', 'false'),
    ('-505', '-505', '-504', '1', 'RINNASTEINEN', '0', 'false', 'false'),
    ('-800', '-900', '-904', '1', 'SISALTYY', '0', 'false', 'false'),
    ('-801', '-905', '-900', '1', 'SISALTYY', '0', 'false', 'false'),
    ('-802', '-900', '-906', '1', 'RINNASTEINEN', '0', 'false', 'false'),
    ('-803', '-907', '-900', '1', 'RINNASTEINEN', '0', 'false', 'false'),
    ('-910', '-910', '-910', '1', 'SISALTYY', '0', 'false', 'false'),
    ('-911', '-808', '-806', '1', 'SISALTYY', '0', 'true', 'false'),
    ('-912', '-808', '-807', '2', 'SISALTYY', '0', 'false', 'false'),
    ('-913', '-911', '-506', '2', 'SISALTYY', '0', 'true', 'false'),
    ('-914', '-912', '-912', '1', 'RINNASTEINEN', '0', 'false', 'false'),
    ('-1000', '-1002', '-1000', '1', 'SISALTYY', '0', 'true', 'false');